,Platform,Hashtag,Region,Engagement_Level
0,1,1,1,1
1,2,4,8,2
2,4,1,5,2
3,3,4,6,3
4,1,3,5,2
5,2,1,6,3
6,3,2,2,2
7,3,7,1,1
8,4,4,8,2
9,1,7,8,3
10,2,2,7,1
11,4,8,6,2
12,3,10,4,1
13,3,6,2,1
14,4,2,7,1
15,3,7,4,2
16,4,3,1,3
17,1,9,1,2
18,1,5,3,3
19,3,4,1,3
20,4,7,5,3
21,1,10,3,2
22,3,3,5,3
23,4,4,2,1
24,3,3,7,1
25,3,3,5,3
26,2,7,8,3
27,3,9,4,2
28,2,7,4,3
29,3,4,2,2
30,2,2,6,3
31,4,8,3,2
32,3,7,3,3
33,3,10,6,3
34,3,4,1,3
35,1,4,2,1
36,2,8,7,3
37,2,3,8,2
38,1,7,3,1
39,4,2,3,3
40,4,4,8,1
41,3,5,6,1
42,4,2,5,2
43,3,2,5,2
44,4,2,7,3
45,2,7,5,1
46,2,9,2,2
47,2,3,8,2
48,4,7,3,1
49,2,5,2,3
50,3,3,6,2
51,3,8,4,2
52,3,2,2,3
53,4,6,4,2
54,4,3,3,1
55,3,6,6,2
56,2,1,6,3
57,4,3,6,2
58,3,1,7,1
59,4,8,1,3
60,1,8,3,3
61,3,9,6,2
62,1,3,8,3
63,2,7,4,1
64,3,5,4,3
65,1,4,2,1
66,3,10,5,1
67,4,3,2,1
68,4,6,3,1
69,3,6,6,2
70,4,3,2,2
71,2,4,6,3
72,1,5,7,2
73,1,8,8,1
74,3,7,3,3
75,2,3,8,1
76,4,6,8,2
77,4,1,6,2
78,2,1,3,2
79,4,10,2,1
80,2,1,8,2
81,2,3,6,3
82,2,7,2,3
83,2,2,5,1
84,4,6,5,2
85,1,6,4,1
86,4,7,8,1
87,4,1,2,2
88,3,3,5,1
89,3,6,2,3
90,1,6,7,1
91,4,2,8,3
92,4,7,1,3
93,3,2,1,1
94,1,9,7,2
95,1,8,8,1
96,1,9,1,2
97,1,9,6,2
98,2,10,7,1
99,3,4,4,3
100,3,7,7,1
101,1,8,1,2
102,4,10,7,2
103,2,8,8,2
104,2,6,2,2
105,4,6,3,3
106,3,8,1,1
107,1,1,7,2
108,2,6,3,1
109,4,3,3,2
110,4,10,6,1
111,2,3,5,2
112,1,4,6,1
113,3,5,5,3
114,2,4,4,1
115,1,9,6,1
116,4,10,3,3
117,1,3,7,1
118,3,9,8,3
119,1,10,7,3
120,2,2,6,1
121,3,2,8,2
122,1,1,1,3
123,2,8,3,2
124,3,6,3,3
125,2,5,2,3
126,1,4,7,2
127,4,1,1,2
128,2,2,1,1
129,4,5,7,3
130,1,2,3,3
131,3,4,8,1
132,1,3,8,1
133,3,1,5,1
134,1,4,4,1
135,1,6,6,3
136,2,5,4,3
137,2,5,5,2
138,2,8,8,3
139,1,6,3,2
140,1,5,7,1
141,3,9,5,3
142,2,1,3,3
143,4,2,8,3
144,4,10,3,3
145,2,4,4,1
146,1,9,1,3
147,1,2,8,3
148,2,7,5,3
149,2,10,1,3
150,4,4,7,1
151,2,5,3,3
152,1,1,5,2
153,2,9,4,3
154,4,3,4,2
155,3,4,6,2
156,4,6,8,3
157,3,5,4,1
158,1,7,8,1
159,4,8,7,2
160,4,7,8,2
161,2,1,5,1
162,1,7,7,2
163,4,2,6,3
164,1,6,6,3
165,3,1,7,2
166,2,5,3,1
167,3,1,6,2
168,3,10,3,3
169,4,4,8,3
170,2,8,6,1
171,2,4,3,2
172,2,6,6,1
173,1,9,5,1
174,4,8,3,2
175,3,8,1,2
176,3,6,3,1
177,4,5,6,2
178,4,6,1,3
179,2,6,4,1
180,4,10,3,3
181,2,9,1,3
182,2,3,7,1
183,2,7,7,3
184,2,9,1,1
185,1,3,1,2
186,4,7,6,1
187,4,1,2,2
188,1,5,6,1
189,1,4,8,2
190,3,4,3,3
191,4,4,5,1
192,2,2,1,3
193,1,4,8,3
194,3,3,1,2
195,3,8,5,1
196,2,5,8,3
197,1,3,4,2
198,1,2,3,2
199,4,5,5,1
200,3,3,6,3
201,3,5,7,2
202,3,7,6,1
203,4,3,1,1
204,2,10,3,1
205,4,5,3,2
206,4,8,4,1
207,3,5,6,2
208,4,2,1,3
209,1,9,1,3
210,1,6,8,1
211,2,3,8,2
212,4,2,2,2
213,2,10,2,2
214,4,7,2,2
215,1,6,3,2
216,3,3,1,2
217,3,10,3,3
218,4,3,8,2
219,1,3,2,2
220,4,10,8,2
221,2,8,1,3
222,2,9,1,2
223,3,8,7,2
224,3,7,2,1
225,2,4,3,3
226,1,6,6,2
227,3,7,1,3
228,4,10,3,1
229,2,1,6,2
230,2,3,7,3
231,3,1,2,3
232,1,6,4,3
233,3,4,3,1
234,3,10,2,3
235,2,6,5,2
236,3,1,1,2
237,1,3,1,3
238,3,2,2,3
239,4,7,2,1
240,3,10,8,1
241,3,10,2,2
242,2,5,1,2
243,1,3,4,3
244,1,10,5,3
245,3,3,1,2
246,1,5,4,1
247,3,10,3,2
248,1,4,4,2
249,3,6,4,2
250,4,3,5,1
251,2,5,7,2
252,1,2,7,2
253,4,7,1,3
254,1,6,2,1
255,4,1,3,2
256,3,1,6,3
257,2,6,6,2
258,2,2,3,2
259,3,3,2,1
260,4,8,4,1
261,4,6,3,1
262,3,6,4,1
263,2,8,4,2
264,2,9,4,3
265,3,4,1,3
266,3,2,5,2
267,1,2,2,3
268,2,3,2,2
269,4,3,1,1
270,4,3,4,2
271,3,3,1,1
272,2,10,4,3
273,3,9,1,3
274,4,8,6,2
275,4,6,3,3
276,4,1,5,1
277,1,4,2,3
278,2,3,7,2
279,3,5,2,1
280,4,2,1,1
281,4,7,8,1
282,3,3,1,1
283,2,6,8,2
284,4,5,7,2
285,4,2,8,2
286,4,8,2,1
287,3,2,6,1
288,4,3,3,1
289,4,3,3,3
290,2,4,1,3
291,1,1,7,3
292,4,2,3,1
293,1,7,7,1
294,2,9,4,3
295,1,6,8,2
296,1,5,4,1
297,2,2,7,2
298,4,1,7,1
299,1,4,5,1
300,2,4,5,1
301,1,9,2,2
302,4,3,2,3
303,4,10,6,1
304,4,9,1,1
305,4,2,5,1
306,3,2,7,2
307,2,4,8,2
308,2,1,1,3
309,1,6,6,2
310,1,2,5,1
311,4,2,5,3
312,1,3,5,3
313,1,4,2,1
314,3,2,8,2
315,3,8,2,2
316,2,3,4,3
317,4,6,1,3
318,1,7,1,1
319,4,5,8,3
320,1,1,5,2
321,3,5,5,1
322,4,7,7,2
323,1,1,2,1
324,1,2,1,2
325,1,6,3,2
326,1,2,2,1
327,3,8,1,1
328,2,9,4,2
329,3,9,5,2
330,1,2,2,1
331,3,4,3,1
332,1,9,2,2
333,1,2,6,2
334,2,10,4,3
335,4,6,5,3
336,1,8,8,2
337,4,2,5,1
338,2,4,4,3
339,4,5,4,2
340,1,10,6,3
341,2,10,1,3
342,4,9,7,2
343,2,1,4,3
344,2,8,6,1
345,4,1,6,2
346,3,1,5,1
347,3,6,5,3
348,4,2,6,2
349,1,2,5,2
350,1,9,3,3
351,3,5,4,2
352,1,2,1,1
353,3,9,3,1
354,3,1,6,3
355,3,7,7,2
356,1,7,5,1
357,4,10,1,3
358,2,9,5,3
359,3,4,5,3
360,3,7,1,1
361,1,4,7,3
362,2,1,2,3
363,1,3,7,2
364,4,1,8,2
365,2,8,6,2
366,2,4,1,1
367,1,6,7,1
368,2,3,1,1
369,1,10,7,2
370,2,7,8,2
371,3,1,6,1
372,1,2,7,2
373,2,10,3,1
374,2,1,7,3
375,3,10,6,2
376,1,7,7,1
377,4,4,4,1
378,4,2,3,2
379,3,9,2,3
380,1,7,8,3
381,2,3,3,2
382,3,9,3,3
383,4,2,1,1
384,4,9,7,2
385,4,3,6,3
386,3,10,6,1
387,2,9,2,2
388,2,6,2,3
389,3,4,7,2
390,3,3,6,1
391,2,8,4,3
392,4,10,5,3
393,4,5,6,3
394,1,1,3,3
395,2,5,4,3
396,4,7,7,1
397,3,1,3,2
398,3,1,6,1
399,2,4,5,3
400,1,6,7,2
401,4,4,8,3
402,2,1,6,3
403,2,4,1,2
404,4,6,7,2
405,2,4,4,3
406,4,4,3,2
407,2,10,5,1
408,3,4,5,2
409,3,2,6,3
410,4,8,4,2
411,3,3,4,3
412,3,9,1,3
413,1,8,1,2
414,3,8,1,1
415,4,8,8,2
416,4,4,1,1
417,1,7,2,3
418,2,4,5,1
419,2,6,1,2
420,4,7,1,2
421,3,1,2,2
422,2,2,1,2
423,2,1,4,2
424,4,1,7,1
425,3,7,8,2
426,2,4,6,2
427,4,10,7,1
428,3,5,3,2
429,3,6,4,3
430,4,7,8,2
431,2,10,2,3
432,2,8,7,2
433,2,7,7,2
434,2,7,7,1
435,3,2,6,1
436,4,10,2,1
437,3,2,4,1
438,4,2,4,1
439,1,5,4,2
440,1,9,4,3
441,3,4,8,1
442,4,10,7,2
443,4,7,6,1
444,1,6,8,1
445,4,4,8,3
446,2,7,8,3
447,3,5,6,2
448,1,1,4,3
449,3,1,5,1
450,1,5,6,3
451,1,8,6,2
452,4,9,3,2
453,2,4,4,3
454,4,1,3,1
455,3,8,7,3
456,3,7,2,1
457,3,8,3,2
458,2,10,5,3
459,4,8,1,2
460,1,10,1,1
461,4,4,6,2
462,2,3,8,1
463,2,1,1,2
464,2,5,7,1
465,2,5,1,2
466,4,6,6,3
467,4,6,3,3
468,4,1,1,3
469,2,10,1,2
470,3,9,8,2
471,1,5,6,3
472,1,10,2,3
473,3,2,1,1
474,2,1,3,1
475,3,4,7,3
476,3,6,8,3
477,2,5,1,1
478,4,6,8,3
479,2,8,5,1
480,2,3,1,2
481,1,3,1,2
482,2,9,1,1
483,1,1,7,1
484,1,8,2,2
485,3,9,3,1
486,3,6,6,2
487,2,3,3,2
488,3,2,7,3
489,2,7,3,1
490,1,9,1,2
491,1,2,2,2
492,1,10,7,3
493,1,3,6,3
494,1,8,4,1
495,3,2,4,3
496,3,1,5,2
497,2,4,6,1
498,4,9,1,2
499,1,2,1,1
500,2,3,1,1
501,4,7,4,3
502,2,5,4,2
503,4,4,1,3
504,3,5,4,2
505,3,2,6,3
506,4,1,2,2
507,3,10,7,3
508,3,7,5,1
509,3,9,3,3
510,4,2,2,3
511,1,8,1,1
512,2,10,3,1
513,2,3,3,3
514,2,4,7,3
515,4,2,6,2
516,3,7,8,3
517,3,1,8,3
518,4,1,8,1
519,3,5,4,1
520,4,1,5,2
521,1,9,3,3
522,3,4,5,1
523,1,7,3,3
524,3,1,7,2
525,3,1,7,3
526,1,9,3,2
527,3,4,1,2
528,4,8,1,3
529,4,9,3,2
530,1,4,4,3
531,3,2,3,2
532,2,2,8,1
533,1,2,1,1
534,3,3,8,2
535,3,1,5,3
536,4,8,6,3
537,1,4,7,1
538,2,4,1,2
539,3,2,5,3
540,4,2,6,2
541,1,3,1,1
542,4,4,5,1
543,2,2,5,3
544,4,8,6,1
545,2,6,3,1
546,2,10,2,1
547,3,9,8,2
548,3,10,2,3
549,3,7,3,3
550,2,1,1,2
551,3,4,3,2
552,1,6,1,3
553,1,9,3,2
554,4,6,5,3
555,3,6,6,1
556,2,6,7,1
557,3,9,3,1
558,4,1,1,3
559,3,8,2,1
560,1,6,4,3
561,3,7,4,3
562,1,10,6,2
563,3,8,2,3
564,1,8,2,1
565,2,10,7,1
566,3,6,2,2
567,2,9,1,1
568,4,9,2,2
569,1,1,8,2
570,2,5,7,1
571,4,10,6,1
572,1,3,4,1
573,3,7,4,3
574,2,3,4,3
575,1,5,6,1
576,1,4,6,3
577,2,5,4,2
578,3,1,4,3
579,4,7,4,2
580,3,3,8,1
581,1,10,4,2
582,4,2,8,3
583,3,9,3,1
584,3,9,4,2
585,1,3,5,1
586,2,4,7,1
587,1,4,4,1
588,3,5,1,1
589,3,7,2,1
590,2,2,5,2
591,1,10,6,3
592,3,10,7,1
593,3,7,2,2
594,1,10,2,3
595,1,8,2,1
596,4,1,4,3
597,2,3,8,2
598,2,8,6,1
599,4,9,8,3
600,2,4,5,1
601,3,3,7,3
602,2,4,7,3
603,4,4,7,3
604,2,5,8,1
605,3,10,7,3
606,3,4,1,2
607,3,10,5,3
608,1,6,8,1
609,1,4,5,3
610,3,2,1,1
611,1,7,1,2
612,2,7,6,3
613,4,8,3,3
614,3,10,1,2
615,1,10,7,1
616,2,2,5,2
617,2,7,4,1
618,2,2,4,3
619,4,7,4,3
620,2,3,8,2
621,3,6,3,2
622,4,8,5,2
623,3,2,2,2
624,4,10,8,1
625,4,1,2,2
626,4,5,2,1
627,4,4,5,1
628,1,10,2,1
629,2,1,3,1
630,4,6,5,1
631,1,3,6,3
632,1,10,3,1
633,1,3,2,1
634,4,4,8,3
635,2,8,8,3
636,1,9,4,1
637,2,9,1,2
638,3,3,7,3
639,4,2,3,1
640,2,8,7,1
641,2,5,2,3
642,2,8,2,2
643,2,5,1,1
644,1,5,1,3
645,4,1,8,3
646,1,8,6,3
647,3,8,4,1
648,3,6,3,1
649,2,7,5,2
650,4,1,5,3
651,2,2,8,2
652,1,2,2,1
653,3,4,1,2
654,4,10,6,2
655,4,10,4,2
656,3,6,1,2
657,1,5,7,3
658,2,5,7,2
659,1,9,4,2
660,1,5,2,3
661,2,3,7,3
662,1,8,5,1
663,4,6,3,2
664,2,7,3,2
665,4,8,1,1
666,4,5,1,1
667,1,5,2,3
668,3,7,1,1
669,2,9,6,1
670,3,5,7,2
671,3,9,4,1
672,4,1,8,1
673,4,8,4,2
674,4,7,5,1
675,3,3,4,3
676,1,6,6,2
677,2,5,2,1
678,2,8,5,1
679,2,9,5,1
680,1,2,4,1
681,4,8,2,1
682,2,8,1,1
683,1,10,6,2
684,2,6,6,2
685,3,4,3,2
686,4,4,6,3
687,2,2,8,2
688,3,4,6,2
689,2,9,6,3
690,2,8,4,3
691,4,2,5,3
692,2,3,3,2
693,2,2,4,2
694,2,3,7,2
695,1,5,6,1
696,1,2,7,1
697,2,7,1,2
698,4,10,3,1
699,3,3,2,3
700,4,4,7,3
701,4,6,2,2
702,4,1,5,3
703,4,6,3,1
704,2,9,6,2
705,1,5,7,1
706,1,9,3,1
707,3,4,4,2
708,3,7,6,3
709,2,7,1,1
710,3,1,2,3
711,2,5,2,1
712,1,1,1,2
713,3,1,3,1
714,4,8,6,1
715,2,1,3,3
716,4,4,4,2
717,1,5,8,3
718,1,9,5,2
719,1,8,1,3
720,1,6,7,3
721,1,2,1,1
722,2,8,3,1
723,1,7,1,1
724,3,9,4,2
725,4,6,5,3
726,4,8,3,1
727,2,8,2,2
728,1,2,1,3
729,2,2,6,1
730,4,2,1,3
731,3,7,1,1
732,4,6,7,3
733,4,8,8,2
734,3,1,8,2
735,3,1,4,1
736,2,5,1,1
737,2,8,8,2
738,1,2,1,2
739,4,5,1,1
740,2,3,8,3
741,3,5,1,1
742,3,10,4,3
743,4,1,3,1
744,1,5,2,1
745,4,5,1,2
746,2,2,3,2
747,3,1,5,3
748,4,5,2,2
749,4,7,8,3
750,4,1,3,3
751,4,4,7,2
752,4,5,1,1
753,3,9,4,3
754,4,9,1,2
755,1,4,3,1
756,2,6,2,2
757,2,2,1,1
758,2,1,3,1
759,1,3,6,2
760,2,9,6,2
761,2,4,5,3
762,4,7,7,3
763,3,3,6,3
764,4,9,4,3
765,3,7,7,1
766,3,2,2,3
767,2,2,5,2
768,3,7,8,3
769,1,7,6,3
770,4,2,4,2
771,4,7,2,2
772,2,1,2,3
773,2,10,6,1
774,2,4,6,3
775,1,3,6,1
776,3,2,5,1
777,3,1,7,3
778,3,10,1,3
779,3,6,5,1
780,2,3,2,3
781,1,4,7,1
782,3,4,4,3
783,2,4,6,3
784,4,2,3,2
785,1,1,4,1
786,3,3,8,1
787,1,8,3,3
788,3,7,3,2
789,3,9,2,1
790,3,2,1,2
791,1,8,4,3
792,1,5,1,1
793,4,10,6,3
794,4,4,2,2
795,2,6,1,3
796,2,1,6,3
797,2,2,8,3
798,4,10,5,2
799,3,1,4,1
800,2,3,4,1
801,2,7,1,3
802,1,4,7,1
803,4,7,7,1
804,4,6,2,1
805,4,2,7,2
806,2,7,2,3
807,4,6,4,3
808,3,8,6,2
809,4,3,5,3
810,4,3,8,1
811,3,8,6,1
812,2,6,6,3
813,2,3,8,2
814,4,5,4,2
815,1,4,1,3
816,2,7,8,1
817,3,10,6,1
818,2,6,2,3
819,3,7,1,1
820,2,4,4,1
821,4,5,2,1
822,3,1,2,3
823,2,10,8,3
824,2,7,2,3
825,4,10,7,1
826,1,8,7,1
827,1,10,2,2
828,3,5,2,2
829,4,6,8,2
830,4,5,5,1
831,3,2,1,3
832,3,6,4,3
833,2,1,8,1
834,2,9,1,1
835,2,6,3,1
836,2,8,4,2
837,1,8,3,2
838,1,10,1,1
839,3,5,8,3
840,2,2,5,2
841,3,1,8,1
842,2,2,3,1
843,1,9,3,3
844,2,7,2,3
845,4,9,5,3
846,2,4,8,3
847,2,1,5,3
848,2,3,1,1
849,1,5,3,1
850,4,2,2,1
851,4,2,5,3
852,1,6,1,1
853,4,1,2,2
854,4,2,7,3
855,4,5,1,3
856,2,1,2,2
857,4,6,7,2
858,2,1,7,1
859,4,7,8,1
860,2,3,4,2
861,2,6,3,3
862,4,10,1,3
863,1,10,4,3
864,3,5,5,1
865,2,9,8,3
866,3,6,7,2
867,2,2,6,3
868,3,3,3,1
869,4,4,3,2
870,2,8,4,2
871,1,3,2,2
872,3,2,7,1
873,1,4,2,2
874,3,4,8,1
875,3,6,8,1
876,2,3,6,1
877,3,6,6,3
878,4,6,5,2
879,1,9,8,3
880,2,9,4,1
881,4,7,1,3
882,3,6,6,1
883,3,1,7,3
884,4,5,4,2
885,4,8,5,1
886,4,3,6,1
887,1,9,8,2
888,1,8,5,3
889,4,9,5,1
890,4,2,1,3
891,3,5,2,2
892,2,9,3,2
893,4,9,7,3
894,1,1,1,2
895,1,9,8,3
896,4,5,6,3
897,1,3,7,3
898,4,8,7,2
899,3,2,4,3
900,4,1,2,1
901,4,8,1,1
902,1,5,6,1
903,1,6,6,1
904,2,4,5,2
905,4,7,2,1
906,2,6,3,1
907,1,8,7,3
908,2,4,4,2
909,4,5,1,3
910,1,1,1,3
911,1,4,4,2
912,4,8,4,3
913,4,6,5,1
914,4,10,7,2
915,1,2,2,3
916,2,2,4,3
917,4,5,4,2
918,4,10,4,2
919,1,6,8,1
920,2,10,7,2
921,2,3,4,2
922,4,7,4,2
923,2,3,8,3
924,4,5,4,3
925,4,10,1,1
926,4,8,3,3
927,1,9,5,3
928,2,6,3,3
929,4,3,6,3
930,2,4,2,3
931,4,9,4,1
932,1,1,7,3
933,4,10,6,3
934,2,9,6,2
935,1,4,3,1
936,3,9,2,1
937,1,7,2,1
938,3,8,1,3
939,1,1,2,3
940,2,10,1,2
941,3,6,3,3
942,4,1,1,1
943,1,10,1,3
944,4,10,1,3
945,2,2,2,1
946,4,1,5,2
947,3,9,5,1
948,4,6,7,3
949,1,7,5,2
950,1,6,5,3
951,4,9,1,2
952,2,10,2,1
953,1,3,1,3
954,3,4,7,3
955,3,3,1,2
956,3,1,4,2
957,3,9,2,1
958,1,8,6,3
959,4,5,3,3
960,1,2,1,1
961,4,10,4,2
962,1,4,4,3
963,1,5,1,3
964,1,6,1,1
965,4,4,4,3
966,2,6,1,2
967,3,10,2,3
968,2,8,4,1
969,4,2,1,1
970,2,8,7,3
971,2,3,6,3
972,3,6,2,3
973,4,6,2,2
974,3,6,7,2
975,2,6,2,3
976,2,10,4,3
977,3,4,5,1
978,4,8,8,2
979,1,9,2,1
980,1,6,5,3
981,1,10,7,2
982,1,6,4,2
983,4,2,1,2
984,1,9,7,1
985,2,2,8,1
986,4,9,5,2
987,2,3,6,2
988,4,2,5,2
989,4,5,2,3
990,4,4,7,2
991,3,6,6,2
992,4,8,7,3
993,3,3,7,2
994,1,7,7,1
995,2,9,7,1
996,3,9,2,3
997,2,9,5,1
998,4,3,5,2
999,1,1,1,3
1000,4,1,5,2
1001,2,2,1,3
1002,2,6,2,2
1003,3,10,1,3
1004,4,1,1,2
1005,2,4,5,1
1006,2,1,4,1
1007,4,6,7,1
1008,4,2,1,1
1009,2,8,3,1
1010,2,1,3,2
1011,3,6,5,2
1012,1,2,1,3
1013,3,1,3,3
1014,2,3,6,3
1015,3,6,6,1
1016,3,7,4,1
1017,1,3,8,2
1018,4,2,1,1
1019,3,2,4,2
1020,1,3,3,1
1021,3,9,5,1
1022,2,7,6,1
1023,4,5,7,2
1024,3,1,4,1
1025,4,3,3,1
1026,1,7,5,1
1027,1,8,7,1
1028,2,9,3,1
1029,2,2,7,3
1030,2,2,8,2
1031,4,5,4,1
1032,3,1,2,1
1033,2,4,6,2
1034,2,7,5,1
1035,2,1,8,2
1036,4,7,8,2
1037,3,2,3,1
1038,1,8,8,1
1039,3,9,3,3
1040,1,10,6,1
1041,2,2,1,2
1042,4,9,3,3
1043,2,10,2,1
1044,2,2,2,2
1045,1,6,1,1
1046,4,7,6,2
1047,1,1,3,2
1048,2,5,8,3
1049,1,1,2,2
1050,4,7,8,2
1051,1,1,7,3
1052,2,3,4,2
1053,3,6,2,3
1054,4,6,6,2
1055,1,6,5,1
1056,1,1,5,2
1057,1,4,3,3
1058,2,9,8,1
1059,1,3,1,1
1060,4,8,2,2
1061,3,9,3,1
1062,3,7,5,3
1063,4,6,1,3
1064,2,7,8,3
1065,1,1,6,2
1066,4,10,3,3
1067,3,2,5,1
1068,1,2,2,1
1069,3,6,4,3
1070,4,10,5,1
1071,4,3,5,1
1072,1,9,7,1
1073,2,2,1,1
1074,3,5,3,2
1075,1,8,3,2
1076,1,6,5,3
1077,1,10,7,1
1078,4,1,5,3
1079,2,3,3,2
1080,1,7,5,1
1081,2,8,5,3
1082,2,5,5,1
1083,2,9,4,3
1084,3,2,1,3
1085,2,8,7,1
1086,1,3,4,1
1087,1,10,5,3
1088,2,4,8,2
1089,4,4,2,2
1090,3,5,3,2
1091,4,5,5,3
1092,2,3,4,2
1093,2,7,5,2
1094,4,2,4,3
1095,3,4,8,1
1096,4,5,2,3
1097,3,5,1,2
1098,3,10,7,2
1099,1,9,2,3
1100,1,8,5,1
1101,1,3,3,2
1102,2,10,6,3
1103,1,9,7,1
1104,3,7,3,3
1105,4,1,2,3
1106,3,7,4,1
1107,3,4,8,1
1108,2,7,4,1
1109,3,9,5,2
1110,4,5,3,1
1111,3,3,8,2
1112,4,5,1,3
1113,3,10,8,3
1114,1,2,8,2
1115,3,2,2,2
1116,2,6,3,3
1117,4,5,2,3
1118,3,10,6,1
1119,4,6,4,1
1120,2,10,7,2
1121,4,6,4,2
1122,3,3,8,2
1123,3,10,5,1
1124,3,9,8,2
1125,3,3,8,1
1126,3,9,5,3
1127,1,9,6,2
1128,4,6,3,1
1129,4,3,7,1
1130,4,5,5,3
1131,2,6,1,3
1132,2,10,8,2
1133,4,6,3,2
1134,4,4,4,2
1135,1,4,1,2
1136,4,10,3,2
1137,2,1,1,2
1138,3,3,4,3
1139,4,5,4,3
1140,1,9,5,2
1141,3,9,5,3
1142,1,2,8,1
1143,1,7,6,3
1144,3,10,5,2
1145,3,10,2,2
1146,3,4,3,2
1147,3,4,8,3
1148,4,4,4,1
1149,4,5,4,2
1150,1,1,5,3
1151,3,8,3,1
1152,2,3,4,2
1153,3,8,5,3
1154,1,1,5,2
1155,3,4,3,2
1156,2,9,4,2
1157,2,9,5,2
1158,1,4,4,3
1159,2,8,7,1
1160,2,3,5,3
1161,4,5,8,3
1162,1,3,7,1
1163,3,8,3,2
1164,2,5,7,3
1165,4,1,8,2
1166,4,2,4,2
1167,3,1,3,3
1168,1,7,1,2
1169,1,9,4,2
1170,4,4,3,3
1171,1,7,5,1
1172,2,4,3,3
1173,1,7,2,3
1174,1,4,3,2
1175,1,4,3,1
1176,2,5,5,3
1177,1,7,5,2
1178,1,5,1,2
1179,2,9,7,1
1180,2,5,6,3
1181,4,9,6,1
1182,1,8,2,1
1183,4,6,8,3
1184,1,4,7,1
1185,1,3,7,1
1186,1,3,6,2
1187,4,4,4,3
1188,1,2,5,3
1189,1,3,6,2
1190,4,8,2,3
1191,1,8,8,3
1192,3,6,7,1
1193,4,7,8,2
1194,4,4,2,1
1195,3,1,3,3
1196,4,5,6,2
1197,4,7,2,1
1198,2,4,3,3
1199,3,8,2,1
1200,1,1,3,3
1201,2,6,1,2
1202,4,6,7,3
1203,2,4,3,1
1204,4,2,5,1
1205,3,10,6,3
1206,4,6,3,1
1207,1,7,6,3
1208,2,7,8,1
1209,3,2,1,1
1210,2,4,1,2
1211,3,4,4,2
1212,2,10,4,2
1213,1,5,3,1
1214,3,5,2,2
1215,1,7,2,3
1216,3,2,7,1
1217,3,9,7,2
1218,1,1,1,3
1219,4,5,4,1
1220,3,3,4,2
1221,2,4,7,3
1222,4,7,2,1
1223,1,6,3,1
1224,3,10,3,2
1225,2,9,8,1
1226,3,3,3,1
1227,3,4,2,1
1228,3,9,7,3
1229,2,8,1,3
1230,2,1,7,1
1231,4,8,3,1
1232,2,6,4,3
1233,3,3,3,2
1234,4,9,4,3
1235,3,6,2,1
1236,4,3,2,3
1237,1,9,2,1
1238,1,9,2,1
1239,1,10,6,3
1240,4,10,5,3
1241,1,1,6,1
1242,1,7,8,2
1243,3,7,6,2
1244,1,3,5,3
1245,4,8,2,2
1246,2,4,4,3
1247,1,2,3,1
1248,1,1,3,2
1249,4,8,6,1
1250,3,1,5,3
1251,3,1,8,2
1252,1,9,8,2
1253,2,10,5,2
1254,4,3,6,1
1255,3,4,7,2
1256,1,6,4,1
1257,3,5,7,2
1258,1,3,3,1
1259,4,9,8,3
1260,2,9,7,3
1261,2,2,5,1
1262,4,8,3,3
1263,4,2,3,1
1264,2,3,7,1
1265,1,2,4,2
1266,1,2,1,3
1267,3,9,4,2
1268,1,6,3,2
1269,1,5,1,1
1270,4,9,3,3
1271,2,2,6,1
1272,2,8,6,2
1273,3,2,1,2
1274,2,1,8,3
1275,3,4,5,3
1276,4,10,2,2
1277,2,5,8,2
1278,1,9,5,3
1279,3,9,4,2
1280,2,1,4,2
1281,4,10,6,3
1282,3,3,5,3
1283,3,2,6,3
1284,3,10,4,3
1285,3,4,8,3
1286,3,3,2,1
1287,1,9,5,2
1288,2,7,5,3
1289,4,8,7,1
1290,1,4,3,3
1291,3,1,8,3
1292,2,3,4,3
1293,3,6,1,1
1294,3,4,2,2
1295,3,6,7,1
1296,4,3,7,3
1297,2,8,1,1
1298,1,3,6,3
1299,1,2,7,1
1300,4,2,8,3
1301,1,5,2,2
1302,3,9,4,2
1303,4,7,1,2
1304,2,1,1,2
1305,3,2,4,2
1306,1,1,8,2
1307,4,8,8,2
1308,3,6,1,1
1309,3,10,1,3
1310,3,3,5,1
1311,1,3,3,3
1312,4,8,1,2
1313,1,1,3,3
1314,2,4,4,3
1315,4,2,6,2
1316,4,9,6,3
1317,4,6,7,1
1318,2,3,5,2
1319,4,5,3,3
1320,2,5,8,2
1321,4,6,6,2
1322,3,4,1,3
1323,2,1,5,1
1324,4,3,8,2
1325,3,5,5,2
1326,2,5,5,2
1327,4,5,2,3
1328,2,10,4,3
1329,4,9,3,1
1330,4,10,7,3
1331,4,4,7,1
1332,1,8,1,1
1333,4,6,5,3
1334,1,9,7,2
1335,3,5,2,2
1336,2,4,7,3
1337,3,8,2,1
1338,1,7,4,3
1339,1,2,2,1
1340,2,10,2,2
1341,2,5,7,3
1342,3,10,4,2
1343,2,5,6,1
1344,1,4,2,2
1345,4,1,4,2
1346,3,8,3,1
1347,1,2,7,1
1348,3,9,1,3
1349,3,4,3,2
1350,3,3,7,2
1351,1,6,6,1
1352,3,6,7,2
1353,4,3,4,1
1354,2,2,8,3
1355,1,2,2,3
1356,2,10,7,1
1357,4,9,8,3
1358,2,8,7,1
1359,4,5,7,2
1360,3,10,8,3
1361,3,1,2,2
1362,1,2,4,3
1363,3,5,3,2
1364,1,7,6,1
1365,3,7,4,3
1366,1,3,7,3
1367,4,5,1,2
1368,1,10,4,3
1369,4,9,4,3
1370,2,1,6,2
1371,3,1,5,1
1372,2,2,8,2
1373,4,6,1,3
1374,4,6,4,2
1375,2,5,7,1
1376,3,4,7,1
1377,1,8,4,2
1378,2,4,8,3
1379,1,6,5,1
1380,3,6,7,3
1381,3,7,3,1
1382,4,8,7,2
1383,2,7,5,3
1384,4,1,1,1
1385,3,4,3,3
1386,1,8,1,3
1387,3,9,5,3
1388,4,4,4,1
1389,3,9,7,3
1390,1,6,4,1
1391,4,7,2,1
1392,1,1,8,2
1393,1,7,1,1
1394,4,10,4,2
1395,3,4,6,3
1396,4,1,3,2
1397,1,3,5,1
1398,3,7,3,2
1399,2,2,6,2
1400,4,9,7,3
1401,1,6,1,2
1402,1,2,7,2
1403,3,9,8,2
1404,2,8,1,3
1405,1,2,2,2
1406,1,3,2,3
1407,2,7,1,2
1408,1,7,5,1
1409,2,5,1,3
1410,2,6,4,2
1411,3,10,6,3
1412,3,7,8,2
1413,2,3,3,2
1414,2,8,2,3
1415,3,1,3,3
1416,2,6,3,1
1417,2,4,6,2
1418,4,3,5,1
1419,2,10,8,3
1420,3,6,8,2
1421,4,3,5,1
1422,3,3,3,2
1423,2,8,7,1
1424,4,9,5,1
1425,3,4,1,3
1426,4,10,1,3
1427,1,4,5,3
1428,4,5,7,2
1429,2,10,1,2
1430,3,9,2,1
1431,3,7,5,2
1432,4,2,1,2
1433,1,9,1,3
1434,1,8,8,2
1435,1,7,6,1
1436,2,8,2,2
1437,2,4,4,2
1438,1,1,6,2
1439,4,10,3,3
1440,3,7,5,1
1441,1,6,4,3
1442,1,1,2,2
1443,1,2,7,1
1444,3,1,3,3
1445,1,6,8,3
1446,4,3,3,2
1447,4,1,5,3
1448,2,2,2,2
1449,3,4,2,1
1450,1,7,1,3
1451,4,7,6,3
1452,3,9,5,2
1453,3,9,7,1
1454,2,1,7,1
1455,2,8,4,2
1456,3,6,4,2
1457,3,6,3,2
1458,1,5,1,1
1459,1,7,2,1
1460,1,9,8,1
1461,2,3,1,3
1462,4,4,1,2
1463,2,4,2,3
1464,3,6,8,2
1465,1,5,2,2
1466,2,6,4,1
1467,2,3,6,1
1468,1,8,1,1
1469,3,7,6,3
1470,4,9,7,1
1471,1,4,8,1
1472,3,1,5,1
1473,4,4,8,3
1474,2,1,7,2
1475,4,1,8,3
1476,1,10,8,1
1477,2,10,8,1
1478,2,2,5,2
1479,4,3,5,3
1480,1,6,5,3
1481,4,9,1,2
1482,4,2,8,3
1483,1,8,3,2
1484,2,2,7,1
1485,4,5,8,1
1486,3,6,6,3
1487,4,6,8,2
1488,3,8,8,2
1489,3,3,5,1
1490,3,9,4,1
1491,4,1,3,1
1492,2,2,7,1
1493,3,7,3,1
1494,2,1,6,3
1495,4,6,5,2
1496,2,1,7,2
1497,1,3,5,3
1498,1,8,7,2
1499,3,4,3,2
1500,3,9,3,3
1501,2,2,4,1
1502,1,4,5,3
1503,4,7,3,1
1504,2,7,3,1
1505,2,4,4,1
1506,2,2,7,3
1507,1,6,5,1
1508,3,6,1,3
1509,4,6,6,1
1510,3,5,2,2
1511,4,8,2,1
1512,3,2,1,1
1513,2,7,4,3
1514,4,4,5,1
1515,3,9,3,2
1516,3,7,1,1
1517,2,9,5,1
1518,1,3,2,3
1519,1,1,4,2
1520,2,7,8,2
1521,2,1,3,3
1522,1,10,1,3
1523,4,6,5,3
1524,3,6,8,2
1525,1,3,7,3
1526,4,7,8,3
1527,3,1,1,1
1528,2,9,8,2
1529,4,10,5,3
1530,3,8,5,1
1531,1,6,5,1
1532,3,3,3,3
1533,2,7,7,3
1534,4,6,2,3
1535,4,8,3,2
1536,2,7,3,1
1537,3,1,4,2
1538,3,9,6,1
1539,2,6,3,1
1540,2,2,2,3
1541,3,6,4,3
1542,3,2,4,2
1543,3,1,6,2
1544,3,7,3,3
1545,3,9,1,1
1546,2,2,3,1
1547,1,4,5,3
1548,1,10,2,3
1549,4,7,5,3
1550,3,10,8,1
1551,4,9,7,3
1552,3,6,2,3
1553,3,7,8,2
1554,3,10,5,2
1555,3,5,7,3
1556,4,10,2,1
1557,1,7,2,3
1558,3,2,5,3
1559,3,2,5,2
1560,4,2,1,3
1561,4,7,8,2
1562,3,3,6,1
1563,2,9,1,3
1564,3,3,1,1
1565,3,4,3,3
1566,2,1,6,1
1567,2,9,4,2
1568,1,7,4,3
1569,1,3,6,2
1570,3,9,4,2
1571,2,6,8,2
1572,4,9,8,1
1573,2,10,1,2
1574,3,9,3,3
1575,1,5,6,1
1576,4,7,3,3
1577,4,3,8,1
1578,4,6,8,3
1579,4,1,1,2
1580,3,3,2,1
1581,2,2,1,3
1582,3,1,7,3
1583,3,4,2,3
1584,4,6,3,1
1585,1,1,8,1
1586,3,4,2,3
1587,2,10,2,3
1588,2,6,2,2
1589,2,8,6,2
1590,1,3,6,1
1591,4,1,2,3
1592,3,1,3,3
1593,1,2,8,1
1594,2,8,1,3
1595,3,3,2,2
1596,1,2,2,2
1597,1,3,7,2
1598,4,9,7,1
1599,2,8,7,2
1600,1,4,1,3
1601,3,6,2,3
1602,3,9,4,1
1603,1,5,7,1
1604,2,6,6,3
1605,2,6,6,1
1606,3,6,5,1
1607,2,6,6,3
1608,2,6,5,3
1609,2,3,4,1
1610,1,5,6,3
1611,2,4,5,1
1612,2,4,3,2
1613,4,1,7,1
1614,2,10,7,2
1615,3,3,5,2
1616,2,6,8,2
1617,2,4,1,2
1618,1,6,2,3
1619,1,5,8,2
1620,4,6,3,1
1621,4,9,4,3
1622,4,5,5,3
1623,4,8,1,2
1624,2,9,5,2
1625,4,7,8,3
1626,4,4,4,3
1627,1,6,5,3
1628,1,9,3,1
1629,4,3,3,1
1630,4,3,4,1
1631,1,9,3,1
1632,3,3,8,1
1633,4,7,8,1
1634,1,1,6,1
1635,3,7,2,1
1636,4,1,8,1
1637,3,3,7,3
1638,4,9,4,1
1639,4,10,3,2
1640,1,1,4,2
1641,1,10,7,3
1642,4,9,7,3
1643,1,8,8,1
1644,4,6,4,3
1645,2,5,6,2
1646,3,5,1,1
1647,4,1,2,1
1648,3,1,3,3
1649,3,6,6,2
1650,1,5,4,2
1651,1,10,3,2
1652,1,8,4,2
1653,1,10,5,2
1654,3,8,1,1
1655,2,6,3,1
1656,4,6,7,1
1657,2,6,2,3
1658,1,4,3,2
1659,1,5,3,2
1660,1,10,4,1
1661,3,2,4,3
1662,1,8,8,1
1663,3,7,1,2
1664,3,2,3,3
1665,3,10,2,1
1666,1,4,7,3
1667,1,4,4,2
1668,4,9,2,3
1669,2,1,8,2
1670,1,8,1,3
1671,2,1,7,3
1672,4,10,2,2
1673,2,5,3,3
1674,1,8,1,1
1675,2,4,5,2
1676,2,6,5,3
1677,1,10,2,2
1678,4,5,5,2
1679,1,7,7,3
1680,3,1,4,1
1681,2,4,2,3
1682,4,5,3,1
1683,4,7,8,3
1684,3,2,8,3
1685,1,8,8,3
1686,1,3,6,2
1687,4,6,8,1
1688,1,10,3,3
1689,2,8,3,1
1690,1,1,8,3
1691,2,2,7,3
1692,1,1,1,2
1693,4,9,7,1
1694,3,10,7,1
1695,4,1,6,2
1696,1,5,1,2
1697,1,1,8,3
1698,3,6,3,3
1699,4,5,2,1
1700,3,4,3,1
1701,1,1,8,3
1702,1,3,2,2
1703,1,2,6,1
1704,2,10,7,3
1705,3,8,3,2
1706,2,7,8,1
1707,1,10,1,3
1708,3,3,2,3
1709,1,2,4,2
1710,3,10,6,3
1711,2,4,4,1
1712,1,5,1,1
1713,4,1,3,3
1714,1,7,2,3
1715,2,1,4,2
1716,4,7,8,3
1717,3,10,3,1
1718,3,10,6,2
1719,4,10,8,3
1720,3,2,6,1
1721,2,1,5,2
1722,3,9,8,3
1723,4,3,5,1
1724,2,7,8,3
1725,2,8,7,1
1726,2,8,6,2
1727,3,7,8,1
1728,2,7,7,2
1729,3,3,4,3
1730,4,4,1,1
1731,4,6,6,3
1732,2,1,6,2
1733,3,7,8,3
1734,1,8,4,1
1735,3,3,8,1
1736,4,4,8,3
1737,2,3,3,3
1738,3,7,6,1
1739,3,5,3,3
1740,4,5,5,2
1741,1,10,3,2
1742,1,3,5,3
1743,2,2,5,2
1744,4,9,3,3
1745,1,4,8,2
1746,4,4,4,3
1747,4,7,2,1
1748,3,9,7,1
1749,3,5,7,3
1750,1,1,1,2
1751,4,9,4,2
1752,3,1,5,1
1753,2,1,3,2
1754,3,2,7,3
1755,3,6,3,3
1756,1,1,2,1
1757,4,7,4,2
1758,3,5,8,3
1759,4,2,8,1
1760,1,2,7,3
1761,3,6,1,3
1762,3,2,4,1
1763,3,10,1,3
1764,1,3,6,1
1765,2,1,7,1
1766,4,1,3,3
1767,1,7,8,3
1768,2,1,7,1
1769,4,5,2,1
1770,3,4,1,1
1771,2,8,3,3
1772,4,2,7,1
1773,4,10,7,3
1774,3,6,7,2
1775,2,7,7,3
1776,3,7,2,3
1777,2,5,4,2
1778,2,5,7,1
1779,1,7,8,2
1780,4,2,3,1
1781,3,1,8,2
1782,1,9,4,2
1783,1,5,1,3
1784,4,8,2,2
1785,4,3,1,3
1786,2,10,8,2
1787,4,2,7,2
1788,2,1,8,2
1789,3,5,2,2
1790,2,6,3,1
1791,2,9,2,2
1792,1,5,1,2
1793,4,2,2,3
1794,3,1,4,2
1795,1,2,6,1
1796,2,4,5,1
1797,2,7,2,3
1798,3,9,1,3
1799,4,7,8,3
1800,3,4,4,1
1801,3,3,8,1
1802,3,9,6,3
1803,2,10,8,1
1804,3,1,6,2
1805,1,9,7,3
1806,4,7,5,1
1807,2,4,2,3
1808,3,6,3,3
1809,1,6,4,1
1810,1,1,2,1
1811,4,7,7,3
1812,2,2,1,2
1813,3,5,7,1
1814,4,6,6,1
1815,1,4,5,2
1816,3,3,5,1
1817,2,8,6,3
1818,3,2,3,2
1819,4,10,5,1
1820,3,6,6,2
1821,2,6,1,1
1822,2,2,4,2
1823,3,6,3,2
1824,3,7,6,1
1825,4,4,2,1
1826,2,6,2,2
1827,2,6,8,3
1828,3,4,7,2
1829,1,10,4,2
1830,2,1,3,3
1831,4,9,6,3
1832,1,9,3,2
1833,3,9,5,3
1834,3,3,6,1
1835,3,2,6,1
1836,4,8,6,2
1837,3,10,4,2
1838,4,1,5,2
1839,3,5,3,1
1840,4,1,2,1
1841,2,8,8,3
1842,2,3,4,1
1843,3,3,3,3
1844,1,9,4,2
1845,4,8,2,3
1846,3,2,6,1
1847,3,9,5,2
1848,4,4,2,1
1849,3,8,3,1
1850,4,4,6,2
1851,4,6,8,3
1852,1,9,6,2
1853,3,1,2,1
1854,1,8,5,2
1855,3,2,4,2
1856,1,10,7,2
1857,3,8,7,3
1858,2,3,5,1
1859,3,8,7,2
1860,2,6,4,1
1861,4,9,3,2
1862,2,10,6,3
1863,3,4,2,3
1864,1,5,5,1
1865,1,2,7,2
1866,1,9,1,3
1867,1,6,4,2
1868,4,2,8,1
1869,3,7,7,1
1870,4,5,4,3
1871,2,9,8,1
1872,3,3,6,3
1873,2,2,4,1
1874,1,3,1,3
1875,2,8,4,3
1876,4,1,8,1
1877,3,4,8,2
1878,2,5,6,2
1879,1,6,2,3
1880,4,4,6,2
1881,3,1,2,1
1882,1,8,4,1
1883,4,2,5,1
1884,3,9,3,3
1885,2,1,4,1
1886,3,9,5,2
1887,3,1,6,1
1888,3,3,2,3
1889,1,10,5,1
1890,3,6,6,1
1891,1,9,7,3
1892,2,7,5,3
1893,2,3,3,1
1894,1,2,8,2
1895,2,2,7,1
1896,4,2,8,2
1897,4,1,6,1
1898,3,1,4,1
1899,3,8,2,3
1900,4,10,7,1
1901,3,1,5,1
1902,1,5,4,1
1903,2,9,2,2
1904,1,10,3,3
1905,1,9,6,2
1906,1,8,7,2
1907,1,1,5,3
1908,3,2,5,2
1909,4,5,7,3
1910,3,1,7,1
1911,1,8,3,2
1912,1,4,7,3
1913,4,6,6,1
1914,3,1,8,3
1915,3,10,1,1
1916,3,8,4,3
1917,4,1,5,2
1918,2,10,7,2
1919,1,7,1,1
1920,3,5,2,3
1921,4,9,2,2
1922,2,7,5,1
1923,1,3,5,1
1924,3,5,6,2
1925,3,3,4,2
1926,3,3,3,3
1927,1,7,1,2
1928,2,10,7,1
1929,3,4,5,2
1930,1,9,1,2
1931,3,3,8,3
1932,3,6,5,2
1933,3,1,1,1
1934,3,4,8,1
1935,4,6,2,2
1936,1,7,4,1
1937,2,9,8,1
1938,2,7,8,2
1939,2,4,2,1
1940,2,8,8,3
1941,1,8,4,2
1942,3,4,4,1
1943,2,8,4,1
1944,2,3,4,2
1945,1,6,7,3
1946,4,3,2,1
1947,3,4,8,3
1948,3,1,4,2
1949,4,6,8,1
1950,1,6,8,3
1951,3,5,1,2
1952,4,6,3,3
1953,1,5,6,3
1954,2,7,6,1
1955,3,3,4,3
1956,1,9,8,2
1957,2,9,8,1
1958,1,9,5,3
1959,3,8,2,2
1960,3,1,6,3
1961,3,1,8,1
1962,2,2,4,1
1963,4,2,8,3
1964,3,8,8,1
1965,4,2,6,1
1966,3,7,1,1
1967,2,9,7,3
1968,4,10,8,3
1969,3,3,7,1
1970,3,5,8,2
1971,4,1,5,1
1972,4,9,7,1
1973,2,3,4,2
1974,3,3,2,1
1975,3,8,2,2
1976,2,4,7,3
1977,3,8,5,1
1978,3,8,4,2
1979,2,3,1,2
1980,3,2,4,2
1981,4,5,2,1
1982,2,4,3,2
1983,3,1,3,3
1984,3,10,4,3
1985,1,10,7,3
1986,3,1,7,2
1987,4,9,8,3
1988,1,5,4,2
1989,2,4,6,2
1990,3,9,1,2
1991,4,4,8,1
1992,2,3,3,3
1993,2,4,6,2
1994,1,8,3,1
1995,3,10,2,3
1996,3,1,2,3
1997,4,4,5,1
1998,1,4,5,3
1999,2,9,3,3
2000,3,9,2,1
2001,1,8,7,2
2002,3,4,1,2
2003,3,8,6,3
2004,1,7,3,1
2005,2,4,6,2
2006,2,8,7,1
2007,2,6,3,1
2008,3,2,4,3
2009,3,10,1,3
2010,4,3,7,2
2011,2,3,5,3
2012,4,6,8,1
2013,1,8,7,1
2014,4,10,2,3
2015,3,6,3,2
2016,4,2,2,3
2017,4,1,6,1
2018,4,3,5,1
2019,4,7,3,1
2020,1,6,7,1
2021,1,6,5,2
2022,3,3,3,3
2023,4,10,4,2
2024,2,3,5,2
2025,4,3,2,3
2026,4,3,6,3
2027,4,4,8,1
2028,1,5,8,3
2029,3,4,6,2
2030,2,8,2,3
2031,1,10,2,3
2032,2,2,6,1
2033,2,10,6,1
2034,3,8,1,1
2035,1,4,2,1
2036,4,4,4,2
2037,3,5,1,3
2038,2,8,5,3
2039,1,7,8,1
2040,3,9,6,3
2041,2,1,6,1
2042,1,10,1,1
2043,2,7,6,1
2044,1,5,1,3
2045,4,10,2,1
2046,2,8,6,1
2047,3,1,7,3
2048,4,1,6,3
2049,3,9,5,1
2050,3,3,4,1
2051,1,8,1,3
2052,2,9,5,2
2053,2,1,8,2
2054,2,5,2,2
2055,2,2,7,3
2056,1,6,5,2
2057,4,2,4,1
2058,4,10,4,3
2059,3,4,5,1
2060,4,7,4,2
2061,4,1,4,1
2062,1,2,3,1
2063,3,10,3,1
2064,3,4,3,3
2065,1,10,6,3
2066,4,9,6,2
2067,4,4,2,3
2068,1,10,2,3
2069,2,9,7,1
2070,1,2,1,1
2071,3,4,4,3
2072,1,1,5,3
2073,1,4,2,1
2074,2,5,6,2
2075,1,3,4,1
2076,2,4,2,2
2077,2,6,8,3
2078,4,3,1,3
2079,2,9,6,2
2080,3,8,8,1
2081,2,6,3,2
2082,4,10,6,2
2083,3,6,2,3
2084,2,9,7,2
2085,4,9,1,2
2086,4,8,8,3
2087,1,3,5,3
2088,3,2,2,1
2089,2,10,8,3
2090,4,10,1,2
2091,4,5,6,3
2092,2,7,3,2
2093,2,5,3,1
2094,2,6,5,2
2095,1,1,4,1
2096,1,6,5,2
2097,1,2,6,1
2098,1,6,2,3
2099,2,1,1,2
2100,3,5,1,3
2101,4,10,4,3
2102,1,4,2,1
2103,4,2,2,2
2104,1,3,5,1
2105,1,5,8,1
2106,4,3,1,1
2107,3,7,2,3
2108,2,1,8,1
2109,4,10,3,1
2110,1,4,5,2
2111,3,3,5,2
2112,1,3,7,2
2113,2,1,8,2
2114,3,5,4,3
2115,4,4,8,3
2116,4,7,7,3
2117,2,9,3,3
2118,4,6,8,1
2119,1,5,6,3
2120,4,1,3,3
2121,2,5,1,3
2122,2,7,8,2
2123,1,1,1,2
2124,2,10,3,2
2125,3,5,3,3
2126,4,9,6,3
2127,1,8,1,2
2128,1,10,4,1
2129,3,8,4,3
2130,1,6,1,3
2131,1,4,2,1
2132,1,4,8,2
2133,2,2,5,3
2134,3,5,2,1
2135,3,9,1,3
2136,2,7,6,2
2137,3,4,5,1
2138,3,1,2,3
2139,2,8,5,3
2140,2,8,7,1
2141,3,1,6,2
2142,3,1,5,2
2143,2,5,3,3
2144,1,4,6,1
2145,4,10,1,2
2146,1,7,6,3
2147,3,4,1,1
2148,2,7,6,3
2149,1,6,7,2
2150,3,3,4,2
2151,1,6,1,3
2152,1,7,4,3
2153,1,4,1,1
2154,3,7,4,2
2155,1,6,7,1
2156,3,7,3,3
2157,2,10,2,1
2158,3,3,8,1
2159,1,4,2,3
2160,3,1,6,2
2161,1,6,4,3
2162,3,9,3,3
2163,2,7,8,1
2164,3,3,6,2
2165,4,7,8,1
2166,4,3,4,1
2167,4,8,2,1
2168,3,1,4,2
2169,3,1,2,2
2170,4,2,2,2
2171,2,10,8,1
2172,3,10,5,2
2173,1,10,2,1
2174,4,10,5,2
2175,1,3,2,3
2176,4,10,4,1
2177,2,5,1,1
2178,1,2,6,2
2179,2,10,4,3
2180,4,8,8,1
2181,2,8,4,2
2182,3,4,1,1
2183,4,9,2,3
2184,3,5,1,3
2185,3,10,1,3
2186,3,8,5,2
2187,4,3,4,1
2188,3,8,5,2
2189,1,7,3,2
2190,2,2,4,1
2191,3,5,1,3
2192,4,9,6,1
2193,1,10,2,2
2194,2,6,7,3
2195,1,1,5,3
2196,1,10,6,1
2197,4,5,4,3
2198,1,7,5,3
2199,2,1,7,2
2200,3,10,8,2
2201,4,9,3,1
2202,2,6,7,3
2203,1,7,8,3
2204,3,1,7,1
2205,3,9,2,1
2206,3,8,7,3
2207,3,3,6,2
2208,1,4,2,2
2209,3,4,5,2
2210,4,6,3,3
2211,1,2,5,1
2212,3,1,7,1
2213,2,1,5,3
2214,2,5,1,1
2215,3,7,2,1
2216,4,4,4,3
2217,2,2,6,3
2218,4,4,4,3
2219,2,10,8,1
2220,2,6,5,1
2221,2,8,5,2
2222,3,2,6,2
2223,3,9,1,3
2224,2,7,3,1
2225,1,4,5,3
2226,2,4,4,1
2227,3,8,1,2
2228,4,7,3,3
2229,1,4,6,1
2230,1,8,7,3
2231,3,6,5,2
2232,1,10,1,3
2233,3,8,3,3
2234,2,2,7,3
2235,4,4,8,1
2236,4,5,7,3
2237,1,1,2,3
2238,3,1,4,2
2239,1,7,6,2
2240,1,2,4,3
2241,4,6,1,1
2242,4,9,8,3
2243,3,10,7,3
2244,1,1,8,2
2245,4,6,8,1
2246,3,5,5,3
2247,4,9,4,3
2248,4,10,6,3
2249,3,1,6,2
2250,1,2,6,3
2251,1,5,3,2
2252,3,8,3,2
2253,1,4,2,2
2254,3,2,2,1
2255,1,3,5,2
2256,4,10,3,1
2257,3,5,1,1
2258,2,6,1,3
2259,1,8,6,1
2260,3,9,3,3
2261,2,8,3,3
2262,3,4,7,3
2263,1,2,1,3
2264,2,4,4,1
2265,3,2,5,3
2266,4,8,5,2
2267,1,9,6,1
2268,3,5,5,3
2269,1,2,8,3
2270,4,8,3,3
2271,3,1,5,3
2272,2,3,8,1
2273,4,6,4,2
2274,1,1,3,2
2275,3,4,4,3
2276,3,5,7,1
2277,1,7,4,1
2278,4,7,1,3
2279,2,8,2,1
2280,2,3,4,2
2281,4,8,8,1
2282,3,5,5,1
2283,1,1,2,1
2284,3,4,8,1
2285,1,5,1,2
2286,4,4,3,1
2287,2,6,6,2
2288,1,4,1,2
2289,3,10,4,3
2290,4,8,5,1
2291,1,4,2,2
2292,1,8,2,1
2293,4,6,2,1
2294,4,3,1,1
2295,3,4,3,2
2296,1,3,7,1
2297,4,10,5,1
2298,2,2,6,2
2299,2,2,8,2
2300,2,2,6,1
2301,2,1,8,3
2302,4,5,3,2
2303,3,2,3,2
2304,1,5,7,1
2305,4,4,1,3
2306,3,8,6,1
2307,1,4,2,2
2308,3,4,4,1
2309,3,9,4,1
2310,2,7,4,3
2311,4,8,4,2
2312,4,9,7,3
2313,4,7,6,2
2314,3,7,3,3
2315,1,1,6,1
2316,1,4,1,1
2317,3,2,3,3
2318,3,6,6,3
2319,2,1,4,2
2320,2,5,2,1
2321,1,4,3,1
2322,3,8,6,3
2323,1,4,4,1
2324,1,9,6,2
2325,2,1,6,1
2326,2,4,2,3
2327,3,7,8,1
2328,3,1,7,3
2329,3,4,8,1
2330,2,10,4,3
2331,2,2,5,2
2332,2,6,7,2
2333,4,1,2,2
2334,4,9,1,1
2335,1,1,7,3
2336,4,1,3,3
2337,3,6,8,3
2338,2,9,3,1
2339,1,3,4,3
2340,4,5,1,2
2341,4,10,8,1
2342,3,6,2,1
2343,3,6,4,3
2344,2,1,4,2
2345,3,6,4,3
2346,1,1,2,2
2347,3,10,5,1
2348,4,6,8,2
2349,4,5,3,2
2350,3,1,3,2
2351,1,7,8,3
2352,3,6,3,3
2353,2,4,6,3
2354,2,8,4,1
2355,4,9,2,2
2356,4,7,1,2
2357,4,5,6,3
2358,2,3,2,3
2359,1,3,8,2
2360,3,3,4,3
2361,1,5,2,2
2362,4,9,6,2
2363,2,3,4,1
2364,2,6,3,2
2365,1,6,4,2
2366,3,1,6,3
2367,3,2,2,3
2368,2,10,2,3
2369,1,4,1,1
2370,1,7,6,3
2371,4,5,4,3
2372,2,10,1,1
2373,4,6,3,1
2374,3,6,6,1
2375,4,1,4,3
2376,1,7,2,1
2377,4,7,6,3
2378,4,2,3,2
2379,4,5,1,2
2380,1,4,7,1
2381,3,5,1,3
2382,2,1,2,3
2383,3,1,8,1
2384,3,7,5,1
2385,4,1,5,2
2386,4,8,8,1
2387,1,9,1,3
2388,2,8,4,3
2389,1,1,3,3
2390,4,10,2,1
2391,1,1,2,1
2392,1,6,8,3
2393,3,4,4,2
2394,2,1,3,2
2395,1,1,1,1
2396,2,3,6,1
2397,2,2,8,2
2398,4,10,3,2
2399,2,8,6,1
2400,1,1,3,1
2401,4,3,7,3
2402,1,10,3,1
2403,4,8,2,2
2404,4,2,1,2
2405,1,8,8,1
2406,1,2,8,3
2407,3,7,4,3
2408,3,4,3,3
2409,3,5,1,2
2410,1,2,2,2
2411,4,3,3,2
2412,1,9,1,2
2413,4,10,4,1
2414,3,2,6,2
2415,4,2,8,3
2416,1,1,1,1
2417,3,10,1,1
2418,3,5,5,3
2419,3,5,7,3
2420,1,9,2,2
2421,2,5,7,3
2422,3,3,5,2
2423,2,3,7,2
2424,1,10,7,3
2425,2,9,7,2
2426,2,9,8,3
2427,3,7,4,3
2428,4,9,4,2
2429,4,5,6,1
2430,2,6,2,1
2431,2,2,1,1
2432,4,3,4,2
2433,4,7,6,2
2434,3,1,2,1
2435,3,4,8,2
2436,3,2,5,1
2437,1,8,4,1
2438,1,1,6,2
2439,1,5,8,2
2440,3,3,2,1
2441,1,10,7,1
2442,3,9,3,2
2443,1,9,7,3
2444,1,9,2,2
2445,1,4,5,2
2446,3,7,3,1
2447,3,5,7,2
2448,1,7,8,1
2449,4,9,3,2
2450,3,9,2,3
2451,2,7,1,3
2452,3,9,2,2
2453,3,5,1,3
2454,3,5,5,3
2455,3,9,7,2
2456,1,3,4,1
2457,2,7,4,2
2458,3,7,5,3
2459,2,3,1,1
2460,1,2,2,3
2461,2,5,8,3
2462,1,7,7,3
2463,4,5,5,2
2464,3,2,8,1
2465,4,1,3,1
2466,1,8,5,1
2467,4,1,7,2
2468,4,5,4,1
2469,4,2,6,3
2470,4,10,6,2
2471,1,8,6,1
2472,2,3,7,1
2473,2,8,4,1
2474,4,2,1,1
2475,1,5,3,1
2476,3,10,4,2
2477,3,6,3,3
2478,3,6,4,2
2479,1,8,3,1
2480,4,5,6,3
2481,1,9,8,2
2482,4,6,6,3
2483,4,2,1,2
2484,1,1,8,3
2485,2,4,5,2
2486,1,7,4,2
2487,2,7,4,2
2488,1,6,4,2
2489,3,2,4,3
2490,3,2,3,1
2491,2,7,3,2
2492,4,5,5,2
2493,2,1,5,2
2494,4,10,1,2
2495,4,7,2,1
2496,1,1,5,1
2497,2,10,7,3
2498,3,8,1,3
2499,4,6,5,2
2500,1,2,4,1
2501,4,3,4,1
2502,2,8,2,1
2503,1,2,7,2
2504,4,2,3,3
2505,4,1,5,1
2506,3,1,7,2
2507,2,5,8,1
2508,3,8,8,1
2509,4,2,1,3
2510,4,8,1,2
2511,1,5,3,3
2512,2,9,7,2
2513,3,6,8,3
2514,1,5,3,1
2515,2,8,3,1
2516,1,3,1,2
2517,4,5,2,3
2518,1,2,4,2
2519,1,5,2,1
2520,1,3,8,2
2521,3,6,6,3
2522,3,7,4,3
2523,3,10,3,2
2524,4,2,4,3
2525,1,7,4,1
2526,3,10,1,2
2527,3,7,4,2
2528,4,7,5,3
2529,3,1,7,1
2530,2,9,4,2
2531,3,1,1,3
2532,3,6,6,2
2533,4,3,2,1
2534,2,9,1,2
2535,1,5,4,2
2536,1,2,6,3
2537,3,9,8,3
2538,3,1,6,3
2539,2,8,6,1
2540,4,5,5,3
2541,2,7,1,3
2542,4,10,5,3
2543,3,5,1,2
2544,2,2,8,2
2545,4,9,7,1
2546,2,6,1,3
2547,4,5,1,1
2548,2,2,1,2
2549,1,1,3,1
2550,1,6,1,2
2551,1,2,4,1
2552,1,9,4,2
2553,1,3,5,3
2554,4,1,3,2
2555,4,5,6,3
2556,1,9,2,2
2557,4,9,4,3
2558,3,9,1,1
2559,1,6,1,2
2560,2,3,3,3
2561,3,10,1,2
2562,3,1,3,3
2563,1,7,3,3
2564,3,8,6,2
2565,4,8,8,1
2566,1,9,6,3
2567,1,5,1,2
2568,3,5,3,2
2569,3,6,2,2
2570,3,8,2,3
2571,1,5,5,1
2572,2,4,2,3
2573,2,4,5,3
2574,3,7,7,2
2575,2,3,8,1
2576,4,5,6,2
2577,4,4,2,2
2578,2,6,3,2
2579,2,6,3,2
2580,1,8,5,1
2581,3,3,6,2
2582,3,8,3,1
2583,3,3,6,2
2584,1,4,4,3
2585,2,4,5,2
2586,2,4,2,2
2587,2,2,7,3
2588,4,2,8,3
2589,3,1,2,2
2590,3,3,4,1
2591,4,6,4,2
2592,1,5,5,2
2593,1,10,3,1
2594,1,7,1,1
2595,3,1,4,1
2596,3,8,6,2
2597,3,1,7,3
2598,2,2,4,3
2599,1,4,8,1
2600,3,9,7,2
2601,4,2,3,1
2602,3,7,2,3
2603,1,8,3,3
2604,4,4,4,2
2605,2,1,3,1
2606,4,10,4,1
2607,4,9,5,2
2608,1,10,8,2
2609,2,6,4,3
2610,4,7,6,1
2611,1,2,8,3
2612,1,7,4,2
2613,2,4,5,2
2614,1,10,5,2
2615,3,6,2,1
2616,1,10,1,3
2617,1,10,7,1
2618,2,6,2,3
2619,4,3,5,1
2620,1,5,7,2
2621,1,9,6,2
2622,3,3,1,3
2623,1,8,2,3
2624,3,7,1,2
2625,1,10,3,3
2626,4,10,8,2
2627,3,4,8,1
2628,1,1,6,1
2629,1,4,5,3
2630,2,5,7,1
2631,4,1,5,3
2632,1,4,2,2
2633,2,7,4,1
2634,3,9,6,2
2635,1,5,1,2
2636,3,7,3,1
2637,4,4,5,3
2638,2,5,3,1
2639,3,2,4,2
2640,2,5,3,2
2641,4,2,4,1
2642,4,7,8,2
2643,2,3,4,1
2644,4,5,3,1
2645,3,2,7,1
2646,4,4,2,1
2647,3,1,3,2
2648,4,7,1,3
2649,2,8,2,3
2650,1,6,2,1
2651,3,8,5,1
2652,2,9,7,3
2653,2,7,5,2
2654,2,1,2,3
2655,4,7,5,3
2656,2,4,8,3
2657,1,9,4,2
2658,4,10,8,1
2659,1,2,1,2
2660,1,9,3,3
2661,4,2,7,3
2662,2,7,7,3
2663,3,6,6,3
2664,1,10,7,2
2665,2,2,8,2
2666,1,6,6,3
2667,4,9,6,1
2668,4,4,6,1
2669,3,3,7,3
2670,4,5,3,1
2671,2,6,4,3
2672,3,3,8,1
2673,1,2,6,3
2674,2,3,5,3
2675,2,10,1,2
2676,3,2,6,2
2677,3,8,5,1
2678,1,7,5,1
2679,4,2,8,1
2680,4,4,2,3
2681,4,7,1,2
2682,4,10,7,1
2683,1,10,7,1
2684,2,9,8,2
2685,3,4,8,3
2686,4,2,2,1
2687,3,9,2,1
2688,1,10,4,1
2689,3,10,1,2
2690,3,8,8,1
2691,1,7,7,2
2692,1,4,4,1
2693,3,5,6,2
2694,2,7,6,2
2695,4,1,6,3
2696,1,8,5,1
2697,4,4,2,2
2698,3,10,3,1
2699,2,1,5,2
2700,3,5,1,3
2701,4,9,8,1
2702,3,5,2,1
2703,4,1,8,3
2704,3,9,1,1
2705,1,10,1,3
2706,2,5,4,2
2707,1,4,8,1
2708,4,10,1,3
2709,2,6,5,3
2710,1,4,8,3
2711,1,3,5,1
2712,1,6,5,1
2713,3,8,3,2
2714,2,9,6,1
2715,3,4,5,2
2716,4,2,8,2
2717,1,6,5,1
2718,2,1,1,2
2719,4,2,2,1
2720,2,8,1,3
2721,1,7,3,2
2722,4,8,2,2
2723,1,6,7,3
2724,3,2,1,3
2725,3,1,8,2
2726,1,10,7,1
2727,4,7,3,2
2728,3,2,8,1
2729,1,5,7,2
2730,2,1,8,2
2731,3,4,6,3
2732,4,1,6,3
2733,4,10,1,1
2734,2,7,5,2
2735,1,6,2,1
2736,4,2,5,1
2737,4,2,4,1
2738,3,4,5,1
2739,2,3,4,1
2740,1,2,6,1
2741,2,8,4,2
2742,3,2,5,1
2743,3,7,1,2
2744,2,6,2,3
2745,3,6,5,3
2746,4,4,5,2
2747,4,2,2,2
2748,3,4,5,1
2749,2,7,6,2
2750,3,5,7,2
2751,4,2,5,1
2752,2,2,4,2
2753,3,3,8,2
2754,1,2,7,3
2755,1,8,7,1
2756,2,1,3,2
2757,2,3,5,2
2758,2,8,6,1
2759,3,1,6,1
2760,1,7,2,3
2761,4,8,4,1
2762,3,8,3,2
2763,4,1,5,2
2764,3,8,5,2
2765,2,4,7,3
2766,2,2,1,2
2767,1,9,2,2
2768,1,8,4,1
2769,4,4,1,1
2770,4,4,4,1
2771,2,1,4,1
2772,3,3,1,2
2773,2,6,4,3
2774,2,3,5,3
2775,4,3,5,1
2776,1,8,8,3
2777,2,4,2,3
2778,3,5,7,1
2779,3,6,8,1
2780,3,7,7,3
2781,1,2,2,2
2782,4,10,6,2
2783,3,3,8,3
2784,2,10,3,3
2785,2,8,5,3
2786,2,10,6,2
2787,1,6,3,3
2788,2,5,3,3
2789,1,8,5,3
2790,3,3,4,2
2791,3,6,4,3
2792,1,6,5,1
2793,2,8,1,1
2794,3,3,8,3
2795,3,10,1,2
2796,3,8,5,2
2797,2,7,4,2
2798,4,8,3,1
2799,1,4,4,3
2800,2,8,2,3
2801,1,5,6,1
2802,4,8,3,1
2803,3,3,6,2
2804,4,4,6,1
2805,1,1,1,2
2806,2,9,1,3
2807,3,10,7,1
2808,1,5,8,3
2809,3,4,2,1
2810,2,1,1,3
2811,2,6,3,2
2812,4,7,4,1
2813,1,2,4,2
2814,3,10,1,1
2815,2,3,4,1
2816,3,10,3,2
2817,3,7,4,1
2818,3,1,3,1
2819,4,6,3,2
2820,1,6,4,2
2821,2,10,6,2
2822,2,2,3,1
2823,2,4,7,1
2824,3,4,5,1
2825,4,2,3,2
2826,3,6,7,1
2827,1,2,1,3
2828,1,8,8,2
2829,2,5,1,1
2830,2,10,7,2
2831,4,2,7,1
2832,4,2,4,3
2833,1,10,8,2
2834,4,5,8,1
2835,2,5,7,2
2836,2,3,5,3
2837,2,1,3,1
2838,2,5,4,2
2839,2,7,7,1
2840,1,7,8,2
2841,4,5,6,2
2842,3,6,4,3
2843,3,9,5,2
2844,4,6,6,1
2845,1,8,3,2
2846,1,4,5,1
2847,3,3,3,3
2848,4,10,5,1
2849,2,6,1,1
2850,4,10,1,1
2851,3,9,6,3
2852,1,1,3,2
2853,3,10,6,1
2854,2,3,7,1
2855,1,2,8,2
2856,2,10,5,3
2857,3,5,1,3
2858,3,2,5,3
2859,4,1,1,2
2860,1,1,1,2
2861,2,4,2,3
2862,3,5,7,2
2863,1,3,6,2
2864,2,10,6,1
2865,3,8,2,3
2866,4,10,1,1
2867,3,10,5,2
2868,2,4,3,3
2869,4,6,4,1
2870,4,2,3,1
2871,4,10,2,3
2872,1,4,8,2
2873,4,3,3,3
2874,2,1,4,2
2875,2,9,4,1
2876,2,2,7,2
2877,2,2,4,2
2878,3,8,8,2
2879,4,7,5,2
2880,3,2,5,3
2881,3,4,3,1
2882,1,3,2,2
2883,1,8,1,3
2884,4,2,6,1
2885,3,4,7,1
2886,2,7,8,2
2887,3,2,6,3
2888,3,4,4,1
2889,4,4,8,2
2890,2,1,7,3
2891,3,6,6,3
2892,3,6,3,1
2893,2,6,5,2
2894,4,6,4,3
2895,2,10,3,3
2896,1,7,7,2
2897,2,9,4,2
2898,2,2,3,1
2899,4,8,4,2
2900,3,10,7,1
2901,1,2,4,2
2902,1,5,2,2
2903,2,5,7,1
2904,1,1,6,2
2905,4,9,5,2
2906,3,3,8,3
2907,2,1,1,1
2908,3,10,6,2
2909,3,8,8,1
2910,3,2,4,1
2911,4,3,1,1
2912,3,7,2,1
2913,1,1,6,1
2914,1,4,3,2
2915,1,8,4,2
2916,1,10,7,1
2917,2,1,4,2
2918,3,6,5,3
2919,3,10,2,3
2920,3,4,2,3
2921,3,6,4,2
2922,4,3,5,1
2923,3,6,6,2
2924,3,3,2,2
2925,1,7,8,1
2926,3,7,4,2
2927,4,9,7,2
2928,1,10,7,3
2929,2,4,7,3
2930,4,4,8,1
2931,4,8,3,1
2932,3,8,5,3
2933,3,2,3,1
2934,2,9,7,1
2935,3,7,1,2
2936,3,2,2,3
2937,4,2,1,3
2938,3,9,5,3
2939,3,5,7,1
2940,3,2,6,1
2941,2,6,5,2
2942,1,1,4,1
2943,2,4,5,1
2944,2,5,3,1
2945,3,1,5,2
2946,4,10,3,2
2947,3,10,3,1
2948,2,3,8,2
2949,4,3,8,2
2950,1,9,5,3
2951,4,5,3,3
2952,3,9,4,2
2953,2,4,6,1
2954,2,10,8,3
2955,1,5,6,2
2956,2,3,3,2
2957,1,6,2,2
2958,2,5,2,3
2959,1,8,3,1
2960,4,10,3,3
2961,4,7,4,3
2962,1,2,4,3
2963,2,5,3,1
2964,2,7,1,3
2965,2,5,5,1
2966,4,9,2,3
2967,1,4,1,3
2968,4,3,7,2
2969,3,8,5,3
2970,2,6,6,2
2971,3,10,8,1
2972,1,2,2,3
2973,3,4,7,2
2974,4,5,7,2
2975,4,2,4,1
2976,4,4,2,2
2977,3,3,2,1
2978,3,1,7,1
2979,1,10,4,2
2980,3,9,6,2
2981,1,2,6,2
2982,1,4,1,2
2983,3,5,5,1
2984,3,7,5,3
2985,1,6,6,3
2986,4,6,3,2
2987,1,3,8,2
2988,3,8,7,2
2989,2,7,6,3
2990,1,7,4,1
2991,2,6,1,3
2992,3,6,4,3
2993,1,4,1,3
2994,4,8,6,1
2995,4,8,6,2
2996,1,7,5,1
2997,3,1,7,3
2998,1,9,1,1
2999,3,4,7,2
3000,3,3,6,2
3001,4,3,6,1
3002,4,5,6,1
3003,4,7,2,2
3004,4,2,1,3
3005,4,1,2,1
3006,3,5,1,2
3007,3,9,3,1
3008,1,10,1,1
3009,4,4,3,3
3010,2,6,7,3
3011,4,10,8,1
3012,4,9,1,2
3013,3,4,2,3
3014,4,7,4,3
3015,1,7,1,3
3016,4,5,1,2
3017,3,2,1,1
3018,4,5,3,1
3019,3,9,4,1
3020,2,2,8,1
3021,3,8,8,2
3022,1,1,7,3
3023,4,3,3,3
3024,2,9,7,2
3025,2,7,6,1
3026,2,2,7,1
3027,3,8,2,3
3028,1,1,3,3
3029,1,7,6,2
3030,2,4,4,2
3031,3,8,7,2
3032,3,1,4,2
3033,2,10,8,3
3034,1,3,3,1
3035,4,9,6,1
3036,4,7,3,1
3037,1,7,2,2
3038,2,6,3,3
3039,2,10,6,2
3040,2,2,4,2
3041,3,10,8,1
3042,3,7,2,2
3043,1,9,4,3
3044,4,5,4,1
3045,1,3,3,2
3046,1,4,7,1
3047,3,7,1,3
3048,3,5,1,1
3049,1,7,1,2
3050,2,1,3,1
3051,2,8,4,1
3052,2,2,4,2
3053,3,6,4,3
3054,1,2,7,2
3055,4,1,6,3
3056,3,6,3,3
3057,3,3,7,3
3058,1,1,8,1
3059,4,9,7,2
3060,2,1,5,3
3061,4,4,2,2
3062,2,5,8,2
3063,4,8,5,3
3064,4,10,4,3
3065,4,8,1,2
3066,1,2,2,2
3067,1,9,8,1
3068,2,8,5,3
3069,1,6,3,1
3070,3,1,1,3
3071,1,2,7,3
3072,3,4,6,1
3073,3,1,1,2
3074,1,2,8,2
3075,3,7,6,3
3076,3,5,7,2
3077,4,2,1,3
3078,3,6,8,3
3079,3,3,8,3
3080,1,9,6,3
3081,1,1,2,1
3082,3,7,8,1
3083,2,9,7,1
3084,4,9,2,1
3085,4,1,6,3
3086,4,4,8,2
3087,3,6,7,3
3088,2,9,4,3
3089,2,6,5,2
3090,2,1,5,2
3091,3,2,1,3
3092,1,9,6,1
3093,2,8,3,1
3094,1,3,6,2
3095,3,2,5,3
3096,2,9,7,2
3097,1,2,3,1
3098,1,9,3,3
3099,3,4,4,3
3100,1,2,4,2
3101,2,3,4,2
3102,2,6,1,2
3103,3,2,7,1
3104,3,4,4,1
3105,4,7,2,3
3106,2,6,3,2
3107,1,8,8,1
3108,4,1,5,2
3109,4,7,7,3
3110,2,8,6,1
3111,3,7,5,1
3112,2,4,5,1
3113,1,8,3,2
3114,1,7,2,3
3115,1,3,3,1
3116,1,4,6,2
3117,3,4,4,2
3118,2,5,6,2
3119,1,4,5,2
3120,1,5,7,2
3121,3,10,3,2
3122,3,8,1,3
3123,1,4,1,2
3124,2,5,2,3
3125,1,10,4,1
3126,2,9,1,3
3127,1,10,7,2
3128,1,8,2,2
3129,3,5,4,2
3130,1,2,5,3
3131,4,5,7,2
3132,1,3,5,1
3133,1,6,7,1
3134,4,6,4,1
3135,1,1,6,1
3136,3,3,4,2
3137,1,1,5,3
3138,1,1,2,1
3139,2,9,1,3
3140,1,10,5,2
3141,4,3,8,1
3142,1,7,4,3
3143,4,1,5,3
3144,4,4,7,2
3145,1,6,2,3
3146,4,9,2,1
3147,1,4,5,3
3148,3,5,3,1
3149,3,3,1,3
3150,1,5,7,1
3151,2,6,2,3
3152,3,6,6,2
3153,3,10,5,2
3154,3,9,5,2
3155,3,9,5,2
3156,1,5,8,3
3157,3,7,3,1
3158,2,5,7,1
3159,3,7,5,3
3160,1,3,3,3
3161,1,7,5,1
3162,3,8,1,2
3163,4,10,5,1
3164,4,5,3,1
3165,1,4,1,2
3166,2,4,3,1
3167,4,9,1,2
3168,4,5,8,2
3169,1,10,4,2
3170,4,9,2,3
3171,2,5,5,1
3172,1,5,2,3
3173,1,9,8,1
3174,1,9,1,2
3175,3,8,3,1
3176,4,4,5,2
3177,3,1,4,3
3178,4,3,3,1
3179,4,5,6,1
3180,4,2,3,1
3181,1,9,2,2
3182,2,7,5,2
3183,4,6,8,2
3184,4,7,1,3
3185,4,1,6,3
3186,3,3,2,3
3187,4,2,6,3
3188,2,9,3,3
3189,4,5,4,2
3190,2,7,3,1
3191,2,3,4,3
3192,3,9,5,1
3193,3,5,4,3
3194,3,5,8,3
3195,2,6,8,1
3196,2,4,6,3
3197,4,5,8,1
3198,2,3,4,1
3199,4,1,4,2
3200,3,6,3,3
3201,4,4,5,1
3202,3,4,1,3
3203,4,3,4,1
3204,1,8,5,2
3205,3,5,6,1
3206,4,9,1,2
3207,2,1,8,2
3208,3,1,7,3
3209,2,4,6,1
3210,3,10,3,3
3211,2,3,7,1
3212,2,1,7,1
3213,3,8,1,2
3214,4,8,1,1
3215,3,2,1,2
3216,1,9,7,1
3217,2,10,3,2
3218,3,4,7,2
3219,4,10,3,1
3220,3,10,5,3
3221,2,9,6,2
3222,3,7,3,2
3223,2,5,8,3
3224,3,3,5,1
3225,1,7,5,3
3226,3,4,1,2
3227,1,5,2,2
3228,4,2,5,1
3229,2,4,3,1
3230,3,9,8,2
3231,2,8,3,2
3232,2,1,5,2
3233,4,5,7,3
3234,4,10,8,1
3235,2,9,6,1
3236,3,5,1,2
3237,4,8,1,1
3238,4,5,8,2
3239,2,6,8,2
3240,4,9,6,3
3241,4,10,3,3
3242,2,2,1,2
3243,3,3,8,2
3244,3,10,2,3
3245,1,8,6,1
3246,2,4,5,1
3247,4,4,4,1
3248,3,2,7,3
3249,3,4,6,1
3250,2,8,4,3
3251,2,4,8,3
3252,3,6,7,1
3253,1,1,6,1
3254,3,3,8,3
3255,1,5,7,2
3256,3,9,6,3
3257,2,9,6,2
3258,2,6,1,2
3259,3,9,2,3
3260,3,2,3,2
3261,4,3,5,1
3262,3,10,8,3
3263,3,10,2,3
3264,4,1,8,3
3265,2,7,6,3
3266,4,6,1,1
3267,1,7,6,3
3268,1,7,3,2
3269,3,4,4,2
3270,1,1,8,1
3271,2,5,7,3
3272,1,3,1,3
3273,3,1,7,3
3274,2,9,5,3
3275,3,4,3,3
3276,1,2,4,3
3277,4,2,5,1
3278,4,1,4,1
3279,2,6,8,1
3280,3,2,3,1
3281,4,3,7,1
3282,2,4,4,1
3283,1,9,5,3
3284,2,10,8,3
3285,2,5,2,3
3286,4,10,5,3
3287,4,4,2,3
3288,2,5,5,1
3289,1,7,5,1
3290,2,10,2,2
3291,4,3,8,3
3292,2,6,2,2
3293,1,8,2,2
3294,2,8,4,1
3295,4,7,8,3
3296,1,3,7,3
3297,1,4,3,1
3298,1,3,8,3
3299,4,8,3,2
3300,1,1,1,1
3301,3,3,5,2
3302,2,1,7,1
3303,3,7,6,2
3304,4,3,2,3
3305,2,2,2,1
3306,1,5,7,3
3307,1,7,2,3
3308,1,1,7,2
3309,2,6,7,1
3310,2,10,5,3
3311,4,9,2,1
3312,3,10,5,1
3313,1,10,5,2
3314,1,10,4,1
3315,4,9,6,1
3316,4,2,1,1
3317,2,4,4,3
3318,3,1,4,2
3319,2,8,1,1
3320,3,6,7,3
3321,3,6,8,2
3322,1,9,5,2
3323,3,8,8,2
3324,2,3,1,3
3325,3,1,7,1
3326,2,4,3,3
3327,4,8,1,2
3328,3,1,5,2
3329,1,9,8,1
3330,2,3,4,3
3331,1,2,6,2
3332,4,10,2,2
3333,4,6,5,2
3334,2,9,7,3
3335,1,6,7,1
3336,4,3,1,1
3337,4,5,3,2
3338,1,5,8,1
3339,4,7,2,3
3340,1,3,5,3
3341,3,5,3,3
3342,4,7,5,2
3343,1,8,6,3
3344,1,2,2,2
3345,1,6,1,3
3346,1,2,8,1
3347,2,8,6,1
3348,2,1,2,3
3349,3,1,7,2
3350,3,5,5,2
3351,2,10,5,1
3352,1,2,1,2
3353,2,1,1,2
3354,4,7,3,1
3355,2,8,4,3
3356,3,8,8,2
3357,3,6,1,2
3358,3,2,4,3
3359,4,2,2,2
3360,1,3,2,1
3361,2,2,2,3
3362,3,6,4,2
3363,2,8,5,1
3364,2,9,5,2
3365,1,7,8,1
3366,2,7,2,3
3367,3,1,3,3
3368,1,6,3,3
3369,3,9,5,1
3370,2,8,5,3
3371,1,9,2,2
3372,3,10,6,3
3373,4,6,3,3
3374,2,10,3,2
3375,2,6,3,1
3376,1,8,8,2
3377,2,8,1,2
3378,3,10,7,3
3379,1,4,2,1
3380,1,5,4,2
3381,4,2,6,2
3382,4,4,8,2
3383,2,10,2,2
3384,2,2,3,3
3385,2,6,1,2
3386,3,7,8,2
3387,3,10,3,1
3388,4,7,1,2
3389,2,1,1,2
3390,3,4,4,2
3391,3,9,4,3
3392,1,3,8,1
3393,1,5,1,1
3394,1,5,8,3
3395,2,9,3,3
3396,3,6,3,2
3397,2,7,4,2
3398,1,5,4,3
3399,1,10,5,1
3400,1,4,6,1
3401,2,9,5,2
3402,4,9,1,1
3403,2,1,1,1
3404,4,10,3,3
3405,2,10,4,3
3406,3,9,2,1
3407,4,10,5,2
3408,1,5,2,2
3409,4,8,8,1
3410,4,4,3,1
3411,2,1,4,1
3412,4,8,3,1
3413,1,4,2,1
3414,4,9,6,2
3415,3,4,7,2
3416,3,3,8,3
3417,3,8,4,2
3418,3,5,6,3
3419,1,9,2,1
3420,2,9,5,3
3421,2,10,5,1
3422,3,4,3,2
3423,3,5,1,1
3424,1,8,6,3
3425,1,9,5,3
3426,2,7,8,1
3427,1,3,4,3
3428,3,6,8,3
3429,2,7,1,3
3430,2,7,6,2
3431,1,10,5,2
3432,3,6,5,3
3433,3,6,7,3
3434,2,1,4,1
3435,3,3,7,1
3436,3,7,8,3
3437,1,10,2,3
3438,1,5,3,1
3439,1,9,3,2
3440,1,1,3,1
3441,1,4,3,1
3442,3,8,7,2
3443,3,9,2,1
3444,3,10,5,1
3445,2,4,7,3
3446,1,9,4,1
3447,4,2,3,2
3448,1,3,5,3
3449,4,10,5,1
3450,1,9,4,3
3451,1,9,3,2
3452,2,5,8,1
3453,1,10,6,3
3454,2,1,5,3
3455,2,6,8,3
3456,3,4,6,1
3457,3,4,7,1
3458,2,9,7,3
3459,3,2,5,2
3460,3,8,4,2
3461,1,8,3,2
3462,4,3,8,3
3463,2,2,5,2
3464,1,1,4,2
3465,2,5,4,1
3466,1,3,1,1
3467,3,7,3,3
3468,2,2,1,3
3469,4,10,3,1
3470,1,4,1,2
3471,3,2,4,2
3472,4,10,5,1
3473,3,10,6,1
3474,3,7,3,3
3475,3,1,7,2
3476,3,5,8,2
3477,1,8,2,1
3478,3,5,5,3
3479,2,9,1,1
3480,1,6,8,2
3481,4,8,4,1
3482,1,8,1,3
3483,2,9,1,3
3484,2,10,8,2
3485,2,6,4,2
3486,4,8,5,2
3487,3,3,2,1
3488,1,6,1,1
3489,1,3,3,1
3490,4,3,4,3
3491,4,9,5,2
3492,2,10,1,3
3493,1,5,3,1
3494,3,9,8,2
3495,2,10,6,2
3496,1,2,1,3
3497,3,3,4,1
3498,2,1,6,1
3499,1,3,6,3
3500,1,7,2,1
3501,1,10,5,2
3502,1,6,8,3
3503,4,5,3,3
3504,4,9,6,1
3505,2,8,1,1
3506,4,8,1,2
3507,1,10,2,2
3508,1,7,7,2
3509,1,10,1,2
3510,2,5,2,3
3511,2,7,2,1
3512,3,9,6,3
3513,4,8,1,2
3514,3,7,5,2
3515,2,10,8,1
3516,3,5,5,2
3517,4,3,1,3
3518,4,8,5,1
3519,4,4,5,3
3520,4,7,8,2
3521,3,8,5,3
3522,4,3,6,2
3523,4,6,6,3
3524,4,9,6,2
3525,1,1,2,2
3526,2,6,8,1
3527,2,1,6,3
3528,4,4,3,1
3529,2,2,7,1
3530,2,10,2,2
3531,1,6,3,3
3532,1,10,3,2
3533,2,5,8,1
3534,4,8,8,3
3535,4,10,2,3
3536,1,5,4,1
3537,1,3,6,3
3538,4,3,8,3
3539,2,6,4,3
3540,1,8,1,1
3541,2,6,5,2
3542,4,10,1,3
3543,3,7,7,3
3544,4,10,7,1
3545,4,7,5,1
3546,2,9,1,1
3547,2,8,8,3
3548,3,5,8,1
3549,1,3,5,3
3550,3,5,1,2
3551,4,5,7,2
3552,2,6,6,1
3553,1,4,8,2
3554,1,6,4,1
3555,4,5,8,3
3556,1,2,5,3
3557,1,1,3,3
3558,1,2,7,2
3559,1,7,1,3
3560,4,1,1,3
3561,3,4,1,1
3562,4,4,4,2
3563,1,10,6,2
3564,1,9,7,3
3565,2,9,4,2
3566,1,4,2,3
3567,4,3,7,3
3568,4,4,2,2
3569,1,1,7,1
3570,2,10,7,2
3571,3,8,6,2
3572,4,3,4,2
3573,1,6,4,3
3574,3,2,1,1
3575,3,9,7,1
3576,1,2,1,1
3577,4,1,3,3
3578,4,9,3,2
3579,2,4,8,1
3580,3,6,5,1
3581,3,10,5,1
3582,2,6,6,2
3583,1,1,6,3
3584,4,5,3,2
3585,4,2,6,2
3586,4,9,2,1
3587,4,7,3,3
3588,4,1,1,3
3589,1,3,1,2
3590,2,3,1,2
3591,1,7,3,1
3592,4,1,3,2
3593,2,8,6,3
3594,1,3,6,1
3595,3,3,3,2
3596,2,4,3,2
3597,3,9,8,3
3598,2,5,3,3
3599,1,7,6,2
3600,3,3,8,1
3601,2,4,7,3
3602,2,7,2,2
3603,1,3,5,2
3604,2,1,4,1
3605,1,10,3,3
3606,2,3,3,2
3607,4,9,2,3
3608,3,5,5,3
3609,1,10,6,1
3610,1,2,2,3
3611,2,6,2,3
3612,2,8,6,1
3613,3,8,7,2
3614,3,2,6,1
3615,1,7,7,3
3616,2,4,7,3
3617,4,6,6,1
3618,2,8,3,3
3619,3,3,7,2
3620,2,2,1,2
3621,1,1,8,3
3622,4,4,7,1
3623,2,5,6,2
3624,3,8,1,3
3625,2,9,4,3
3626,4,8,7,2
3627,2,8,6,3
3628,4,6,5,2
3629,3,4,1,3
3630,3,1,2,2
3631,2,8,6,1
3632,2,4,8,1
3633,3,9,4,1
3634,2,4,5,2
3635,3,6,2,3
3636,4,3,2,2
3637,3,3,1,3
3638,1,10,4,3
3639,1,8,8,1
3640,3,7,7,1
3641,3,1,4,2
3642,1,3,1,3
3643,1,1,7,1
3644,4,6,5,2
3645,2,1,2,2
3646,1,7,5,1
3647,2,7,2,2
3648,1,9,4,3
3649,3,2,7,2
3650,3,9,3,3
3651,2,1,3,2
3652,2,2,4,2
3653,3,5,3,3
3654,1,3,3,3
3655,2,1,2,3
3656,3,10,5,1
3657,2,6,7,2
3658,3,9,1,1
3659,3,1,4,1
3660,2,2,7,3
3661,1,5,4,1
3662,4,9,5,2
3663,1,10,1,1
3664,2,5,1,3
3665,2,8,5,3
3666,1,8,6,2
3667,1,2,7,3
3668,3,10,1,3
3669,2,4,7,2
3670,2,5,6,1
3671,3,4,2,1
3672,1,2,4,2
3673,1,5,5,2
3674,4,6,2,1
3675,4,5,7,3
3676,1,2,5,3
3677,3,10,3,3
3678,2,2,5,3
3679,3,1,7,1
3680,2,3,6,1
3681,4,4,5,3
3682,4,1,2,2
3683,2,5,4,3
3684,2,5,6,3
3685,4,3,8,3
3686,3,9,1,1
3687,2,5,4,1
3688,1,3,4,1
3689,1,9,7,1
3690,4,3,3,2
3691,2,5,8,3
3692,3,4,7,3
3693,3,1,6,1
3694,4,9,1,3
3695,4,9,4,2
3696,3,9,5,1
3697,1,1,1,3
3698,4,8,1,1
3699,1,9,8,2
3700,3,8,6,3
3701,3,4,5,2
3702,2,6,6,1
3703,1,3,8,3
3704,4,10,4,3
3705,2,10,4,3
3706,4,3,3,2
3707,1,5,5,1
3708,2,8,1,3
3709,3,6,8,1
3710,4,2,8,1
3711,1,2,3,2
3712,3,9,5,1
3713,3,1,4,3
3714,4,7,7,3
3715,4,5,5,2
3716,1,3,5,1
3717,3,3,5,1
3718,2,4,6,3
3719,2,4,2,3
3720,4,5,6,1
3721,3,4,1,1
3722,3,6,3,3
3723,3,6,7,3
3724,3,7,8,1
3725,1,1,4,1
3726,2,9,4,2
3727,2,4,1,3
3728,4,7,4,3
3729,1,7,7,2
3730,4,4,1,2
3731,3,10,2,1
3732,1,6,4,3
3733,3,6,4,2
3734,2,2,3,1
3735,4,8,5,3
3736,3,6,1,2
3737,4,7,3,2
3738,2,4,3,2
3739,1,10,3,1
3740,4,9,3,3
3741,4,10,3,2
3742,4,5,8,2
3743,3,10,1,3
3744,1,7,8,1
3745,2,2,1,1
3746,1,3,3,2
3747,2,9,7,1
3748,3,10,7,3
3749,1,3,5,2
3750,2,2,7,3
3751,1,3,6,1
3752,4,3,5,1
3753,3,9,5,1
3754,4,8,1,1
3755,1,2,4,3
3756,1,8,7,2
3757,2,10,3,1
3758,4,7,7,2
3759,3,6,1,1
3760,2,2,4,2
3761,4,3,3,3
3762,1,7,8,1
3763,2,9,7,3
3764,4,7,5,2
3765,1,7,6,3
3766,2,10,8,3
3767,1,1,8,3
3768,2,2,1,2
3769,4,7,7,1
3770,3,3,7,2
3771,1,7,2,1
3772,3,3,6,3
3773,3,6,8,1
3774,3,10,8,2
3775,4,5,5,2
3776,4,2,6,1
3777,1,10,1,1
3778,1,5,8,2
3779,1,2,6,1
3780,4,10,6,1
3781,1,2,1,3
3782,1,2,1,3
3783,4,7,3,3
3784,4,1,8,3
3785,4,8,6,1
3786,1,10,7,2
3787,2,2,4,1
3788,4,7,3,3
3789,2,3,8,3
3790,2,4,8,2
3791,4,10,4,1
3792,4,1,1,1
3793,2,4,1,3
3794,4,4,3,2
3795,1,6,2,1
3796,1,8,6,1
3797,1,10,4,2
3798,4,5,1,1
3799,3,7,5,3
3800,3,1,2,2
3801,1,2,4,3
3802,1,6,7,3
3803,2,3,1,1
3804,2,3,5,3
3805,1,8,5,2
3806,2,5,8,3
3807,2,8,2,1
3808,4,4,4,3
3809,3,9,7,3
3810,2,6,5,3
3811,1,7,7,1
3812,2,3,7,1
3813,3,6,8,3
3814,3,5,1,3
3815,2,1,7,3
3816,4,4,4,2
3817,1,6,7,3
3818,1,8,2,2
3819,4,10,1,3
3820,3,3,1,3
3821,2,1,3,1
3822,1,5,4,2
3823,3,1,2,3
3824,4,7,5,3
3825,1,10,8,2
3826,4,3,7,2
3827,1,10,8,3
3828,1,6,5,3
3829,3,9,6,1
3830,1,5,3,1
3831,2,6,8,3
3832,4,6,7,2
3833,2,5,1,1
3834,3,1,3,2
3835,1,5,2,2
3836,4,10,6,2
3837,2,5,1,3
3838,1,5,6,1
3839,2,3,4,1
3840,2,10,3,3
3841,1,9,5,1
3842,4,10,2,3
3843,2,10,3,1
3844,2,1,8,3
3845,1,3,4,3
3846,2,3,3,1
3847,4,2,6,1
3848,2,8,4,3
3849,2,5,6,3
3850,2,9,3,1
3851,2,7,5,1
3852,1,9,8,3
3853,2,8,6,3
3854,3,1,1,1
3855,4,9,1,3
3856,4,10,5,1
3857,4,6,2,2
3858,4,5,5,2
3859,3,5,7,1
3860,1,9,3,3
3861,4,2,7,3
3862,4,8,2,3
3863,3,5,5,3
3864,2,4,5,1
3865,4,9,6,1
3866,1,2,1,3
3867,2,9,7,3
3868,3,10,1,1
3869,1,7,8,1
3870,1,9,6,3
3871,2,5,5,2
3872,4,8,4,2
3873,4,9,4,3
3874,4,8,3,1
3875,1,5,3,2
3876,3,2,1,2
3877,4,2,8,2
3878,1,4,7,1
3879,1,9,7,2
3880,1,5,7,3
3881,2,5,6,2
3882,3,5,7,2
3883,4,5,8,1
3884,1,3,6,3
3885,2,3,3,1
3886,1,10,2,1
3887,2,7,7,1
3888,4,8,6,2
3889,3,7,6,3
3890,2,1,5,1
3891,3,5,8,3
3892,4,6,3,1
3893,4,2,3,3
3894,4,9,4,1
3895,3,6,8,3
3896,4,3,8,3
3897,2,4,6,2
3898,1,3,6,3
3899,3,10,3,3
3900,2,6,6,2
3901,4,3,8,3
3902,2,9,2,1
3903,3,10,1,1
3904,2,9,1,2
3905,4,1,6,3
3906,4,7,2,3
3907,1,6,4,3
3908,4,2,6,2
3909,3,7,3,1
3910,4,2,3,3
3911,4,6,6,3
3912,3,10,4,2
3913,2,1,5,3
3914,2,4,3,2
3915,2,10,8,2
3916,2,8,8,3
3917,1,5,1,2
3918,2,2,5,3
3919,1,10,4,3
3920,1,8,5,3
3921,1,4,2,1
3922,4,3,8,3
3923,3,8,5,2
3924,4,6,6,2
3925,3,2,1,1
3926,2,6,3,1
3927,2,6,5,3
3928,2,7,4,1
3929,4,6,5,3
3930,2,3,3,3
3931,1,1,7,3
3932,1,10,2,2
3933,1,2,2,1
3934,3,7,8,1
3935,1,3,3,1
3936,3,8,8,2
3937,2,2,8,3
3938,3,8,7,1
3939,3,6,3,2
3940,2,3,4,3
3941,2,9,4,1
3942,1,6,6,3
3943,2,10,5,3
3944,3,8,5,1
3945,4,5,1,2
3946,2,8,3,1
3947,3,9,3,1
3948,4,4,3,1
3949,3,2,6,3
3950,3,10,1,1
3951,4,5,7,3
3952,1,10,1,3
3953,1,10,1,3
3954,4,6,7,2
3955,3,9,1,2
3956,3,4,1,3
3957,2,3,5,3
3958,4,6,2,2
3959,1,8,1,3
3960,4,7,2,3
3961,3,6,4,2
3962,1,1,8,1
3963,2,10,5,2
3964,4,7,3,2
3965,4,10,4,1
3966,3,1,8,1
3967,1,2,4,2
3968,3,8,4,3
3969,2,6,7,2
3970,2,10,4,3
3971,3,8,5,2
3972,4,10,3,2
3973,4,4,3,1
3974,1,1,6,2
3975,1,9,7,3
3976,4,7,6,2
3977,1,9,1,2
3978,3,4,4,2
3979,4,8,2,2
3980,4,1,3,3
3981,4,8,4,3
3982,2,10,4,1
3983,1,8,7,3
3984,3,8,6,1
3985,3,8,5,2
3986,3,2,2,2
3987,3,8,2,3
3988,4,5,6,1
3989,1,8,6,3
3990,3,5,2,3
3991,1,4,7,3
3992,4,6,8,3
3993,4,8,8,3
3994,1,8,2,1
3995,4,5,5,3
3996,3,8,3,3
3997,2,6,8,1
3998,3,5,6,1
3999,3,2,4,1
4000,2,5,1,1
4001,2,2,4,3
4002,3,10,8,2
4003,2,6,6,1
4004,2,8,1,1
4005,3,8,1,2
4006,1,10,4,1
4007,4,7,4,1
4008,3,2,4,1
4009,4,2,2,1
4010,1,5,4,2
4011,3,2,5,1
4012,3,3,5,1
4013,4,1,1,3
4014,1,10,4,2
4015,3,3,8,1
4016,1,1,8,1
4017,1,5,5,1
4018,3,8,4,1
4019,4,7,4,1
4020,2,5,6,1
4021,2,3,5,1
4022,2,6,5,3
4023,1,7,6,1
4024,3,9,4,3
4025,3,6,7,1
4026,3,5,1,2
4027,3,5,3,3
4028,1,1,2,3
4029,2,7,8,3
4030,4,2,3,1
4031,2,4,1,3
4032,3,1,1,3
4033,2,3,2,2
4034,1,2,4,1
4035,2,10,6,2
4036,1,3,6,1
4037,4,9,3,1
4038,2,8,4,3
4039,3,8,6,3
4040,4,9,5,3
4041,2,6,7,1
4042,1,6,5,1
4043,3,4,2,1
4044,1,6,4,2
4045,1,2,4,3
4046,3,6,2,1
4047,1,6,3,3
4048,1,10,6,2
4049,3,9,4,3
4050,3,3,4,1
4051,2,10,5,2
4052,4,1,6,2
4053,1,4,2,3
4054,1,3,5,3
4055,3,10,3,1
4056,3,6,1,3
4057,3,6,6,2
4058,3,7,5,1
4059,4,8,1,3
4060,3,2,1,3
4061,1,5,3,2
4062,4,10,5,1
4063,1,4,1,1
4064,3,10,1,1
4065,2,5,5,3
4066,3,1,6,2
4067,4,3,7,2
4068,1,2,1,1
4069,1,8,3,3
4070,3,3,2,3
4071,4,5,7,1
4072,2,8,2,3
4073,3,9,3,1
4074,1,2,1,2
4075,4,7,1,1
4076,3,8,8,2
4077,4,6,8,2
4078,4,9,2,3
4079,3,5,4,1
4080,1,1,8,2
4081,1,3,3,2
4082,2,9,3,2
4083,4,2,6,1
4084,2,10,5,1
4085,1,7,4,2
4086,2,6,2,1
4087,4,4,5,2
4088,1,9,4,3
4089,2,8,1,3
4090,1,9,3,2
4091,1,9,7,1
4092,3,7,8,2
4093,3,7,8,3
4094,4,2,2,2
4095,2,3,8,1
4096,2,6,5,1
4097,4,10,6,3
4098,1,4,7,3
4099,1,9,1,3
4100,3,1,8,3
4101,3,6,2,2
4102,3,8,5,1
4103,4,1,5,3
4104,4,4,3,1
4105,3,3,4,3
4106,2,6,6,3
4107,2,9,8,1
4108,3,5,8,1
4109,1,9,3,1
4110,3,4,6,3
4111,3,2,3,1
4112,3,3,2,1
4113,2,8,5,3
4114,3,2,2,1
4115,4,6,8,3
4116,1,6,2,2
4117,4,9,7,2
4118,3,8,2,3
4119,3,5,1,2
4120,4,8,5,3
4121,3,6,3,2
4122,4,7,4,2
4123,3,4,8,1
4124,2,6,4,3
4125,4,5,3,1
4126,3,8,2,3
4127,3,1,7,2
4128,3,10,6,2
4129,1,3,7,1
4130,1,6,5,3
4131,2,3,8,1
4132,3,3,3,1
4133,2,6,6,3
4134,4,8,8,3
4135,4,3,7,1
4136,3,5,6,1
4137,2,2,4,1
4138,2,4,7,3
4139,2,6,7,2
4140,3,9,6,1
4141,1,7,3,2
4142,3,9,3,3
4143,4,4,2,3
4144,2,1,8,1
4145,4,9,4,3
4146,4,4,8,3
4147,1,2,2,2
4148,1,3,1,3
4149,3,1,5,2
4150,1,2,6,3
4151,3,3,5,1
4152,1,1,8,2
4153,3,9,5,1
4154,2,5,8,2
4155,3,9,4,3
4156,3,8,2,3
4157,1,3,5,3
4158,3,3,4,3
4159,2,3,1,2
4160,1,6,5,1
4161,2,3,3,1
4162,3,2,4,3
4163,4,2,6,1
4164,2,9,1,2
4165,2,7,8,1
4166,3,1,1,1
4167,1,6,5,2
4168,2,2,5,1
4169,1,8,4,1
4170,1,1,5,3
4171,3,1,4,3
4172,3,3,7,3
4173,4,6,1,1
4174,4,2,3,1
4175,2,10,8,3
4176,1,2,5,2
4177,3,1,5,3
4178,2,10,3,2
4179,1,8,3,1
4180,3,7,4,1
4181,4,5,5,3
4182,1,3,8,2
4183,2,10,8,2
4184,1,5,2,1
4185,1,9,8,1
4186,1,3,2,2
4187,4,9,3,2
4188,2,4,3,2
4189,3,6,4,2
4190,1,4,5,3
4191,2,10,2,2
4192,1,7,3,3
4193,3,5,3,1
4194,2,1,5,3
4195,4,9,4,2
4196,4,6,6,3
4197,1,10,1,1
4198,4,6,6,3
4199,4,6,6,1
4200,4,9,8,3
4201,3,4,8,1
4202,4,8,7,3
4203,3,6,4,2
4204,2,10,4,3
4205,4,10,1,1
4206,4,10,5,1
4207,2,8,5,3
4208,2,3,2,1
4209,4,3,1,1
4210,1,1,5,3
4211,4,6,7,1
4212,1,6,2,1
4213,1,8,3,2
4214,4,6,6,3
4215,1,10,8,1
4216,2,2,2,3
4217,2,9,2,3
4218,4,5,5,1
4219,1,9,5,3
4220,1,2,5,2
4221,3,8,4,2
4222,2,1,8,3
4223,2,3,1,2
4224,1,7,2,1
4225,4,6,8,2
4226,4,1,4,3
4227,4,10,3,1
4228,1,4,1,3
4229,3,5,3,1
4230,1,8,7,3
4231,2,8,1,3
4232,1,5,4,3
4233,1,4,2,2
4234,4,2,4,3
4235,3,5,1,3
4236,2,3,5,2
4237,4,4,3,3
4238,2,10,8,1
4239,1,6,6,3
4240,3,3,4,3
4241,1,9,4,1
4242,2,7,6,3
4243,4,3,3,3
4244,1,2,4,3
4245,2,6,5,3
4246,3,10,8,1
4247,4,4,8,2
4248,1,4,4,3
4249,3,7,2,2
4250,3,1,2,3
4251,2,6,6,3
4252,3,3,7,1
4253,2,7,6,1
4254,4,3,7,3
4255,1,5,4,1
4256,1,7,7,3
4257,4,3,7,3
4258,4,4,2,1
4259,1,7,5,3
4260,2,5,3,2
4261,4,2,4,1
4262,3,6,7,3
4263,1,7,4,3
4264,1,4,2,2
4265,2,7,8,1
4266,2,3,2,3
4267,4,8,3,3
4268,2,6,4,2
4269,4,3,7,1
4270,4,6,8,3
4271,3,10,1,1
4272,3,6,1,1
4273,4,1,4,1
4274,4,1,7,1
4275,2,4,7,2
4276,1,6,6,2
4277,3,6,2,2
4278,1,8,6,2
4279,3,3,6,2
4280,1,8,2,3
4281,1,4,2,1
4282,1,5,8,1
4283,2,6,7,2
4284,3,7,7,3
4285,1,10,4,3
4286,2,6,4,2
4287,1,8,1,2
4288,4,4,4,3
4289,3,6,1,1
4290,3,1,2,3
4291,1,8,5,2
4292,1,7,6,3
4293,3,1,2,1
4294,3,10,1,2
4295,3,8,5,2
4296,3,6,3,1
4297,1,6,5,3
4298,4,2,8,1
4299,3,3,5,2
4300,3,3,7,1
4301,1,10,3,3
4302,3,5,3,2
4303,2,2,7,3
4304,3,5,7,1
4305,4,10,7,1
4306,3,5,2,3
4307,1,6,2,1
4308,2,4,1,1
4309,3,4,7,3
4310,2,6,8,1
4311,1,7,2,2
4312,3,8,5,3
4313,1,4,7,3
4314,2,1,4,1
4315,3,9,8,2
4316,2,9,4,2
4317,2,6,6,2
4318,1,8,3,3
4319,1,7,3,3
4320,2,4,4,2
4321,3,6,8,2
4322,4,8,4,2
4323,3,2,8,1
4324,2,1,7,3
4325,2,9,7,3
4326,3,8,1,3
4327,1,9,6,1
4328,4,7,3,2
4329,4,6,4,3
4330,3,7,7,1
4331,3,7,8,1
4332,3,1,3,2
4333,2,5,8,3
4334,3,9,4,1
4335,2,6,2,1
4336,1,7,8,2
4337,4,1,8,1
4338,3,7,5,3
4339,1,6,2,2
4340,2,6,4,1
4341,2,10,2,1
4342,1,8,1,1
4343,2,6,2,3
4344,4,2,5,1
4345,1,10,2,2
4346,3,8,4,2
4347,3,5,8,3
4348,4,3,3,2
4349,2,8,7,1
4350,1,2,3,3
4351,3,2,3,3
4352,2,3,7,3
4353,1,1,4,1
4354,4,10,4,2
4355,2,5,7,3
4356,1,8,1,2
4357,3,9,5,3
4358,3,6,6,3
4359,2,8,8,3
4360,2,6,1,2
4361,2,5,6,2
4362,1,9,5,3
4363,1,9,2,2
4364,4,9,1,1
4365,4,2,3,3
4366,2,7,7,2
4367,2,8,2,2
4368,3,1,2,2
4369,4,6,8,3
4370,1,2,1,3
4371,4,5,4,3
4372,3,9,6,2
4373,2,3,1,2
4374,3,2,5,1
4375,3,4,1,1
4376,1,8,7,3
4377,1,2,1,2
4378,1,7,1,3
4379,1,3,2,2
4380,2,6,4,3
4381,3,4,1,1
4382,4,9,5,2
4383,2,9,3,3
4384,1,5,5,3
4385,3,4,3,3
4386,1,5,6,3
4387,1,5,6,2
4388,4,1,3,1
4389,4,7,3,2
4390,2,5,5,2
4391,2,6,6,3
4392,3,5,6,1
4393,3,1,5,3
4394,1,7,5,3
4395,3,2,6,1
4396,1,5,8,1
4397,4,5,2,1
4398,4,3,7,3
4399,3,9,1,1
4400,2,3,6,1
4401,4,4,5,3
4402,4,7,8,3
4403,1,7,2,3
4404,1,1,3,1
4405,1,7,7,2
4406,1,1,2,3
4407,2,5,2,1
4408,4,7,6,3
4409,3,2,3,1
4410,2,7,7,3
4411,3,9,3,3
4412,4,6,8,3
4413,4,5,5,1
4414,1,3,1,3
4415,1,10,3,2
4416,3,9,1,1
4417,2,7,8,3
4418,4,2,4,1
4419,4,5,1,2
4420,1,7,6,2
4421,2,10,8,3
4422,3,10,6,2
4423,2,7,7,1
4424,4,6,6,3
4425,3,3,1,3
4426,3,10,7,2
4427,1,9,3,3
4428,2,1,2,1
4429,4,9,8,2
4430,3,1,1,3
4431,1,9,5,2
4432,3,7,3,2
4433,4,9,4,1
4434,4,3,3,3
4435,1,7,3,2
4436,2,8,3,1
4437,1,4,6,2
4438,4,3,1,1
4439,1,8,5,2
4440,1,6,8,2
4441,3,3,6,3
4442,4,8,3,1
4443,1,2,1,2
4444,4,4,1,3
4445,2,7,4,1
4446,1,3,3,3
4447,3,3,1,3
4448,2,7,1,1
4449,4,5,8,2
4450,3,10,3,2
4451,2,6,7,3
4452,1,7,6,3
4453,1,7,5,1
4454,2,1,6,1
4455,2,2,3,1
4456,2,7,2,2
4457,2,6,6,3
4458,4,2,6,2
4459,4,10,3,1
4460,3,3,1,1
4461,3,10,7,3
4462,3,5,6,3
4463,4,1,8,1
4464,2,8,4,1
4465,2,7,6,3
4466,4,8,2,1
4467,4,6,3,2
4468,4,5,5,1
4469,2,8,3,3
4470,3,4,5,3
4471,4,4,2,2
4472,2,3,7,1
4473,2,2,3,2
4474,1,3,5,2
4475,3,6,4,2
4476,3,3,1,3
4477,4,3,5,1
4478,2,6,4,1
4479,2,7,2,2
4480,1,9,7,2
4481,3,10,3,1
4482,2,4,4,1
4483,1,3,8,1
4484,4,7,6,2
4485,2,5,1,3
4486,4,3,8,1
4487,1,9,6,2
4488,4,4,6,2
4489,3,1,8,1
4490,3,5,3,3
4491,1,9,8,1
4492,1,7,4,1
4493,1,8,2,1
4494,2,1,7,3
4495,3,1,6,3
4496,4,4,1,3
4497,1,1,1,1
4498,1,9,6,3
4499,4,9,6,1
4500,2,1,5,3
4501,1,1,8,2
4502,2,3,4,3
4503,4,5,4,1
4504,4,7,2,1
4505,1,5,5,3
4506,1,5,5,3
4507,1,5,2,2
4508,2,6,3,2
4509,3,4,8,1
4510,3,1,7,3
4511,2,4,5,2
4512,3,2,8,2
4513,4,7,4,3
4514,4,4,4,3
4515,4,3,1,3
4516,2,4,7,2
4517,3,5,8,2
4518,1,4,5,2
4519,4,3,7,3
4520,4,4,3,2
4521,3,2,3,3
4522,4,6,2,1
4523,1,9,3,2
4524,3,7,2,1
4525,4,3,8,3
4526,3,4,7,3
4527,4,4,8,2
4528,1,3,4,1
4529,3,8,8,3
4530,2,7,8,3
4531,4,4,1,2
4532,1,2,8,3
4533,4,4,6,1
4534,3,2,6,1
4535,4,8,8,1
4536,2,10,1,3
4537,3,9,8,3
4538,4,9,5,3
4539,1,2,8,1
4540,2,7,5,3
4541,3,6,7,2
4542,2,10,3,3
4543,3,8,3,3
4544,4,2,8,3
4545,3,1,5,1
4546,3,5,6,3
4547,2,1,1,3
4548,3,5,7,1
4549,3,6,5,3
4550,1,9,3,3
4551,4,4,8,2
4552,1,3,1,2
4553,1,1,1,2
4554,4,10,6,1
4555,3,4,2,1
4556,2,3,8,2
4557,3,10,8,2
4558,1,2,8,3
4559,3,9,6,2
4560,3,8,3,1
4561,1,6,4,2
4562,1,2,3,2
4563,1,7,1,3
4564,2,3,6,1
4565,4,2,5,1
4566,2,6,3,2
4567,4,8,3,1
4568,1,4,1,1
4569,1,7,1,2
4570,2,4,8,3
4571,1,7,3,2
4572,3,4,6,3
4573,3,3,8,1
4574,2,10,7,3
4575,2,8,7,1
4576,2,1,6,3
4577,3,4,1,1
4578,4,7,3,2
4579,1,3,5,2
4580,3,2,6,2
4581,3,10,4,2
4582,1,1,2,3
4583,2,3,5,2
4584,1,1,1,2
4585,1,6,8,3
4586,2,9,6,2
4587,1,6,6,3
4588,2,7,3,1
4589,3,4,4,3
4590,3,1,1,3
4591,4,7,6,3
4592,3,8,3,3
4593,3,8,4,1
4594,3,5,5,3
4595,4,1,6,3
4596,2,5,1,3
4597,4,9,7,3
4598,3,4,3,1
4599,3,3,4,3
4600,3,5,2,1
4601,2,5,7,3
4602,4,7,8,1
4603,3,8,1,1
4604,3,6,1,3
4605,2,4,5,3
4606,2,7,6,2
4607,1,1,4,1
4608,1,3,1,1
4609,2,5,3,3
4610,1,4,4,1
4611,3,10,4,2
4612,1,1,3,3
4613,3,1,3,1
4614,3,5,3,3
4615,1,8,5,3
4616,4,10,1,1
4617,3,10,3,1
4618,4,9,6,1
4619,4,2,6,2
4620,2,8,8,2
4621,3,5,8,3
4622,1,4,5,3
4623,2,3,2,3
4624,2,9,1,3
4625,1,6,1,1
4626,3,9,6,3
4627,4,4,2,2
4628,3,8,8,1
4629,4,5,6,1
4630,1,4,3,1
4631,3,4,8,1
4632,4,6,7,2
4633,2,9,3,2
4634,4,2,1,3
4635,1,1,4,3
4636,3,3,8,3
4637,3,5,8,2
4638,3,1,1,3
4639,4,8,3,3
4640,4,1,6,1
4641,2,2,1,1
4642,1,6,7,3
4643,2,10,3,2
4644,4,4,2,1
4645,2,3,3,1
4646,3,2,4,3
4647,4,10,6,2
4648,4,10,6,1
4649,1,8,1,3
4650,3,4,5,2
4651,1,8,2,1
4652,4,2,2,1
4653,4,8,7,1
4654,3,2,1,1
4655,1,2,6,3
4656,1,1,3,1
4657,4,8,3,1
4658,3,9,6,2
4659,2,2,6,1
4660,1,6,7,1
4661,3,1,6,2
4662,3,2,7,3
4663,4,8,2,2
4664,3,2,1,3
4665,4,6,7,2
4666,3,1,6,2
4667,2,8,2,2
4668,1,8,8,3
4669,3,5,2,2
4670,2,8,7,2
4671,4,9,3,3
4672,2,4,1,2
4673,1,4,5,1
4674,4,8,4,1
4675,1,2,3,2
4676,1,2,6,3
4677,1,6,1,3
4678,4,1,8,3
4679,1,4,4,2
4680,2,2,4,1
4681,4,4,7,2
4682,3,10,8,1
4683,2,7,8,1
4684,3,10,1,1
4685,1,4,1,2
4686,3,6,7,3
4687,3,6,6,1
4688,1,9,5,3
4689,1,8,5,3
4690,2,2,7,2
4691,4,4,8,1
4692,4,8,5,3
4693,4,6,3,2
4694,4,7,4,1
4695,1,8,8,1
4696,3,5,3,1
4697,4,5,2,1
4698,1,1,8,3
4699,4,10,1,1
4700,3,2,3,2
4701,4,8,3,2
4702,2,8,5,3
4703,4,5,3,1
4704,2,1,4,3
4705,1,10,2,2
4706,1,1,2,1
4707,4,8,5,3
4708,2,5,2,1
4709,4,10,4,1
4710,3,3,6,2
4711,1,6,8,1
4712,2,7,5,2
4713,1,8,3,2
4714,4,10,5,1
4715,4,7,1,1
4716,1,4,2,1
4717,2,7,5,1
4718,2,10,8,1
4719,3,4,2,2
4720,4,1,3,1
4721,4,3,5,1
4722,4,7,7,3
4723,2,10,6,3
4724,3,7,1,3
4725,2,10,8,3
4726,2,2,3,1
4727,2,6,6,3
4728,3,2,7,1
4729,2,10,5,2
4730,4,4,5,2
4731,3,4,7,1
4732,4,4,5,3
4733,2,5,8,3
4734,2,1,3,1
4735,1,9,2,3
4736,2,6,5,2
4737,2,7,2,3
4738,1,3,1,2
4739,1,5,5,3
4740,4,3,3,3
4741,2,8,7,2
4742,1,3,4,3
4743,2,8,1,2
4744,3,4,6,2
4745,2,6,6,3
4746,4,6,8,2
4747,4,1,8,2
4748,1,3,1,2
4749,4,1,5,3
4750,1,9,1,1
4751,3,8,8,1
4752,1,10,4,2
4753,2,7,8,1
4754,3,1,8,3
4755,4,4,5,2
4756,1,5,7,3
4757,4,2,8,2
4758,2,5,4,2
4759,3,8,8,1
4760,2,9,5,1
4761,3,8,2,2
4762,1,5,4,1
4763,1,10,3,1
4764,1,6,8,2
4765,3,10,8,2
4766,2,6,5,3
4767,3,3,6,1
4768,2,8,8,3
4769,2,3,7,2
4770,3,1,4,2
4771,2,10,6,3
4772,1,10,2,2
4773,4,6,4,3
4774,4,7,2,2
4775,1,4,7,1
4776,3,7,4,2
4777,1,7,4,3
4778,4,1,7,1
4779,2,6,1,3
4780,3,9,4,1
4781,2,7,5,1
4782,4,10,6,2
4783,3,7,3,3
4784,3,2,6,2
4785,4,8,8,1
4786,3,8,1,1
4787,1,8,2,2
4788,1,9,3,3
4789,4,4,2,3
4790,1,2,4,3
4791,3,4,7,3
4792,4,7,3,3
4793,2,9,5,3
4794,3,4,7,1
4795,2,8,6,1
4796,2,4,7,2
4797,4,8,5,2
4798,3,5,4,3
4799,3,7,3,2
4800,2,1,8,2
4801,3,3,1,2
4802,1,1,3,1
4803,1,9,6,3
4804,3,4,2,1
4805,4,2,2,2
4806,4,7,2,3
4807,1,6,7,3
4808,4,9,5,3
4809,4,2,2,1
4810,1,1,3,3
4811,4,6,2,2
4812,2,8,6,3
4813,1,6,4,3
4814,1,3,4,3
4815,1,4,1,2
4816,1,3,7,2
4817,1,1,3,2
4818,4,4,3,3
4819,2,9,1,1
4820,1,4,4,2
4821,4,8,3,2
4822,1,5,3,3
4823,3,10,2,1
4824,3,4,1,1
4825,2,5,4,3
4826,1,10,3,1
4827,2,5,3,2
4828,2,7,8,3
4829,3,2,3,3
4830,4,5,3,3
4831,1,7,2,3
4832,4,3,2,3
4833,1,3,8,3
4834,1,9,4,3
4835,4,8,7,1
4836,1,2,5,1
4837,4,1,1,2
4838,1,8,3,3
4839,4,1,3,3
4840,1,1,6,1
4841,4,10,6,3
4842,3,10,7,1
4843,1,4,6,3
4844,4,9,7,1
4845,4,3,1,3
4846,2,4,4,3
4847,2,1,4,2
4848,3,1,4,1
4849,2,6,2,1
4850,1,5,2,2
4851,2,9,1,3
4852,3,2,8,3
4853,1,4,2,2
4854,2,7,4,3
4855,2,4,6,2
4856,1,8,3,2
4857,1,8,2,1
4858,3,3,2,3
4859,4,7,6,3
4860,3,5,6,3
4861,3,8,1,1
4862,3,10,4,3
4863,4,5,3,1
4864,4,5,1,3
4865,2,9,4,2
4866,3,7,4,2
4867,2,2,2,1
4868,1,9,2,1
4869,1,6,2,1
4870,4,2,4,3
4871,3,3,1,1
4872,2,10,2,2
4873,2,6,2,1
4874,4,9,8,1
4875,4,6,2,1
4876,1,8,8,1
4877,2,8,4,2
4878,4,3,1,2
4879,1,9,4,2
4880,4,7,4,2
4881,3,10,2,1
4882,1,9,8,3
4883,2,3,1,3
4884,1,8,2,2
4885,3,9,5,2
4886,2,6,2,3
4887,3,6,4,1
4888,3,10,8,3
4889,4,7,8,3
4890,4,4,3,1
4891,1,6,5,3
4892,1,10,5,3
4893,1,3,5,3
4894,4,6,1,2
4895,3,7,8,1
4896,2,5,8,1
4897,1,8,6,3
4898,4,5,4,2
4899,1,9,6,3
4900,1,7,8,3
4901,4,7,8,3
4902,4,6,7,1
4903,3,9,6,1
4904,1,10,8,2
4905,3,4,8,2
4906,2,7,3,2
4907,1,7,5,2
4908,3,3,2,3
4909,3,6,6,2
4910,3,9,7,1
4911,3,1,4,3
4912,4,7,3,1
4913,3,9,5,3
4914,3,6,1,3
4915,4,6,3,1
4916,1,3,2,2
4917,2,6,2,1
4918,2,5,4,3
4919,2,4,5,2
4920,1,7,5,1
4921,3,9,5,2
4922,4,3,1,1
4923,2,3,2,2
4924,1,6,3,3
4925,3,8,6,1
4926,1,2,8,3
4927,1,5,2,3
4928,2,2,6,3
4929,3,4,2,2
4930,1,6,2,1
4931,4,4,3,3
4932,2,7,2,1
4933,4,6,2,1
4934,1,1,5,3
4935,1,1,8,2
4936,1,10,5,1
4937,1,1,8,2
4938,1,10,3,1
4939,4,8,3,3
4940,2,6,6,2
4941,1,8,3,2
4942,4,4,5,1
4943,1,5,8,2
4944,1,2,6,2
4945,1,7,8,1
4946,2,9,7,3
4947,2,4,5,2
4948,2,2,5,2
4949,4,5,3,3
4950,2,4,2,3
4951,2,1,7,2
4952,1,3,2,2
4953,4,1,3,2
4954,1,2,3,3
4955,2,8,8,1
4956,3,9,1,1
4957,2,6,6,1
4958,1,4,4,3
4959,1,6,6,3
4960,2,9,7,2
4961,2,2,4,3
4962,2,3,1,3
4963,4,9,8,2
4964,1,6,3,3
4965,3,5,2,2
4966,1,8,4,1
4967,2,4,1,3
4968,1,8,8,1
4969,3,5,1,1
4970,4,6,3,3
4971,4,1,5,2
4972,4,5,1,3
4973,2,5,6,3
4974,4,10,4,2
4975,3,2,3,2
4976,3,8,3,2
4977,2,2,6,2
4978,1,4,1,1
4979,2,4,4,2
4980,1,5,5,1
4981,2,2,1,1
4982,3,4,4,3
4983,2,4,7,2
4984,1,7,3,2
4985,1,8,8,3
4986,1,10,3,2
4987,2,5,6,1
4988,1,4,4,1
4989,2,6,6,2
4990,3,10,6,3
4991,2,5,5,1
4992,4,10,5,3
4993,3,4,3,2
4994,2,2,5,3
4995,3,4,2,1
4996,2,4,1,2
4997,3,5,3,3
4998,2,7,4,3
4999,2,5,2,3
